sale_id,Date,product,total,quantity,salesperson,category,unit_price,region,customer
S0001,2023-01-01,Widget A,104.0,4,Alice Johnson,Widgets,26.0,North,Acme Corp
S0002,2023-01-02,Widget B,189.0,7,Bob Smith,Widgets,27.0,South,Beta LLC
S0003,2023-01-03,Widget C,280.0,10,Cathy Lee,Widgets,28.0,East,Gamma Inc
S0004,2023-01-04,Gadget A,702.0,13,David Kim,Gadgets,54.0,West,Delta Co.
S0005,2023-01-05,Gadget B,880.0,16,Eve Brown,Gadgets,55.0,North,Epsilon Ltd
S0006,2023-01-06,Gadget C,1064.0,19,Alice Johnson,Gadgets,56.0,South,Zeta Group
S0007,2023-01-07,Gadget D,114.0,2,Bob Smith,Gadgets,57.0,East,Theta Enterprises
S0008,2023-01-08,Widget A,140.0,5,Cathy Lee,Widgets,28.0,West,Acme Corp
S0009,2023-01-09,Widget B,232.0,8,David Kim,Widgets,29.0,North,Beta LLC
S0010,2023-01-10,Widget C,275.0,11,Eve Brown,Widgets,25.0,South,Gamma Inc
S0011,2023-01-11,Gadget A,714.0,14,Alice Johnson,Gadgets,51.0,East,Delta Co.
S0012,2023-01-12,Gadget B,884.0,17,Bob Smith,Gadgets,52.0,West,Epsilon Ltd
S0013,2023-01-13,Gadget C,1060.0,20,Cathy Lee,Gadgets,53.0,North,Zeta Group
S0014,2023-01-14,Gadget D,162.0,3,David Kim,Gadgets,54.0,South,Theta Enterprises
S0015,2023-01-15,Widget A,150.0,6,Eve Brown,Widgets,25.0,East,Acme Corp
S0016,2023-01-16,Widget B,234.0,9,Alice Johnson,Widgets,26.0,West,Beta LLC
S0017,2023-01-17,Widget C,324.0,12,Bob Smith,Widgets,27.0,North,Gamma Inc
S0018,2023-01-18,Gadget A,870.0,15,Cathy Lee,Gadgets,58.0,South,Delta Co.
S0019,2023-01-19,Gadget B,1062.0,18,David Kim,Gadgets,59.0,East,Epsilon Ltd
S0020,2023-01-20,Gadget C,50.0,1,Eve Brown,Gadgets,50.0,West,Zeta Group
S0021,2023-01-21,Gadget D,204.0,4,Alice Johnson,Gadgets,51.0,North,Theta Enterprises
S0022,2023-01-22,Widget A,189.0,7,Bob Smith,Widgets,27.0,South,Acme Corp
S0023,2023-01-23,Widget B,280.0,10,Cathy Lee,Widgets,28.0,East,Beta LLC
S0024,2023-01-24,Widget C,377.0,13,David Kim,Widgets,29.0,West,Gamma Inc
S0025,2023-01-25,Gadget A,880.0,16,Eve Brown,Gadgets,55.0,North,Delta Co.
S0026,2023-01-26,Gadget B,1064.0,19,Alice Johnson,Gadgets,56.0,South,Epsilon Ltd
S0027,2023-01-27,Gadget C,114.0,2,Bob Smith,Gadgets,57.0,East,Zeta Group
S0028,2023-01-28,Gadget D,290.0,5,Cathy Lee,Gadgets,58.0,West,Theta Enterprises
S0029,2023-01-29,Widget A,232.0,8,David Kim,Widgets,29.0,North,Acme Corp
S0030,2023-01-30,Widget B,275.0,11,Eve Brown,Widgets,25.0,South,Beta LLC
S0031,2023-01-31,Widget C,364.0,14,Alice Johnson,Widgets,26.0,East,Gamma Inc
S0032,2023-02-01,Gadget A,884.0,17,Bob Smith,Gadgets,52.0,West,Delta Co.
S0033,2023-02-02,Gadget B,1060.0,20,Cathy Lee,Gadgets,53.0,North,Epsilon Ltd
S0034,2023-02-03,Gadget C,162.0,3,David Kim,Gadgets,54.0,South,Zeta Group
S0035,2023-02-04,Gadget D,330.0,6,Eve Brown,Gadgets,55.0,East,Theta Enterprises
S0036,2023-02-05,Widget A,234.0,9,Alice Johnson,Widgets,26.0,West,Acme Corp
S0037,2023-02-06,Widget B,324.0,12,Bob Smith,Widgets,27.0,North,Beta LLC
S0038,2023-02-07,Widget C,420.0,15,Cathy Lee,Widgets,28.0,South,Gamma Inc
S0039,2023-02-08,Gadget A,1062.0,18,David Kim,Gadgets,59.0,East,Delta Co.
S0040,2023-02-09,Gadget B,50.0,1,Eve Brown,Gadgets,50.0,West,Epsilon Ltd
S0041,2023-02-10,Gadget C,204.0,4,Alice Johnson,Gadgets,51.0,North,Zeta Group
S0042,2023-02-11,Gadget D,364.0,7,Bob Smith,Gadgets,52.0,South,Theta Enterprises
S0043,2023-02-12,Widget A,280.0,10,Cathy Lee,Widgets,28.0,East,Acme Corp
S0044,2023-02-13,Widget B,377.0,13,David Kim,Widgets,29.0,West,Beta LLC
S0045,2023-02-14,Widget C,400.0,16,Eve Brown,Widgets,25.0,North,Gamma Inc
S0046,2023-02-15,Gadget A,1064.0,19,Alice Johnson,Gadgets,56.0,South,Delta Co.
S0047,2023-02-16,Gadget B,114.0,2,Bob Smith,Gadgets,57.0,East,Epsilon Ltd
S0048,2023-02-17,Gadget C,290.0,5,Cathy Lee,Gadgets,58.0,West,Zeta Group
S0049,2023-02-18,Gadget D,472.0,8,David Kim,Gadgets,59.0,North,Theta Enterprises
S0050,2023-02-19,Widget A,275.0,11,Eve Brown,Widgets,25.0,South,Acme Corp
S0051,2023-02-20,Widget B,364.0,14,Alice Johnson,Widgets,26.0,East,Beta LLC
S0052,2023-02-21,Widget C,459.0,17,Bob Smith,Widgets,27.0,West,Gamma Inc
S0053,2023-02-22,Gadget A,1060.0,20,Cathy Lee,Gadgets,53.0,North,Delta Co.
S0054,2023-02-23,Gadget B,162.0,3,David Kim,Gadgets,54.0,South,Epsilon Ltd
S0055,2023-02-24,Gadget C,330.0,6,Eve Brown,Gadgets,55.0,East,Zeta Group
S0056,2023-02-25,Gadget D,504.0,9,Alice Johnson,Gadgets,56.0,West,Theta Enterprises
S0057,2023-02-26,Widget A,324.0,12,Bob Smith,Widgets,27.0,North,Acme Corp
S0058,2023-02-27,Widget B,420.0,15,Cathy Lee,Widgets,28.0,South,Beta LLC
S0059,2023-02-28,Widget C,522.0,18,David Kim,Widgets,29.0,East,Gamma Inc
S0060,2023-03-01,Gadget A,50.0,1,Eve Brown,Gadgets,50.0,West,Delta Co.
S0061,2023-03-02,Gadget B,204.0,4,Alice Johnson,Gadgets,51.0,North,Epsilon Ltd
S0062,2023-03-03,Gadget C,364.0,7,Bob Smith,Gadgets,52.0,South,Zeta Group
S0063,2023-03-04,Gadget D,530.0,10,Cathy Lee,Gadgets,53.0,East,Theta Enterprises
S0064,2023-03-05,Widget A,377.0,13,David Kim,Widgets,29.0,West,Acme Corp
S0065,2023-03-06,Widget B,400.0,16,Eve Brown,Widgets,25.0,North,Beta LLC
S0066,2023-03-07,Widget C,494.0,19,Alice Johnson,Widgets,26.0,South,Gamma Inc
S0067,2023-03-08,Gadget A,114.0,2,Bob Smith,Gadgets,57.0,East,Delta Co.
S0068,2023-03-09,Gadget B,290.0,5,Cathy Lee,Gadgets,58.0,West,Epsilon Ltd
S0069,2023-03-10,Gadget C,472.0,8,David Kim,Gadgets,59.0,North,Zeta Group
S0070,2023-03-11,Gadget D,550.0,11,Eve Brown,Gadgets,50.0,South,Theta Enterprises
S0071,2023-03-12,Widget A,364.0,14,Alice Johnson,Widgets,26.0,East,Acme Corp
S0072,2023-03-13,Widget B,459.0,17,Bob Smith,Widgets,27.0,West,Beta LLC
S0073,2023-03-14,Widget C,560.0,20,Cathy Lee,Widgets,28.0,North,Gamma Inc
S0074,2023-03-15,Gadget A,162.0,3,David Kim,Gadgets,54.0,South,Delta Co.
S0075,2023-03-16,Gadget B,330.0,6,Eve Brown,Gadgets,55.0,East,Epsilon Ltd
S0076,2023-03-17,Gadget C,504.0,9,Alice Johnson,Gadgets,56.0,West,Zeta Group
S0077,2023-03-18,Gadget D,684.0,12,Bob Smith,Gadgets,57.0,North,Theta Enterprises
S0078,2023-03-19,Widget A,420.0,15,Cathy Lee,Widgets,28.0,South,Acme Corp
S0079,2023-03-20,Widget B,522.0,18,David Kim,Widgets,29.0,East,Beta LLC
S0080,2023-03-21,Widget C,25.0,1,Eve Brown,Widgets,25.0,West,Gamma Inc
S0081,2023-03-22,Gadget A,204.0,4,Alice Johnson,Gadgets,51.0,North,Delta Co.
S0082,2023-03-23,Gadget B,364.0,7,Bob Smith,Gadgets,52.0,South,Epsilon Ltd
S0083,2023-03-24,Gadget C,530.0,10,Cathy Lee,Gadgets,53.0,East,Zeta Group
S0084,2023-03-25,Gadget D,702.0,13,David Kim,Gadgets,54.0,West,Theta Enterprises
S0085,2023-03-26,Widget A,400.0,16,Eve Brown,Widgets,25.0,North,Acme Corp
S0086,2023-03-27,Widget B,494.0,19,Alice Johnson,Widgets,26.0,South,Beta LLC
S0087,2023-03-28,Widget C,54.0,2,Bob Smith,Widgets,27.0,East,Gamma Inc
S0088,2023-03-29,Gadget A,290.0,5,Cathy Lee,Gadgets,58.0,West,Delta Co.
S0089,2023-03-30,Gadget B,472.0,8,David Kim,Gadgets,59.0,North,Epsilon Ltd
S0090,2023-03-31,Gadget C,550.0,11,Eve Brown,Gadgets,50.0,South,Zeta Group
S0091,2023-04-01,Gadget D,714.0,14,Alice Johnson,Gadgets,51.0,East,Theta Enterprises
S0092,2023-04-02,Widget A,459.0,17,Bob Smith,Widgets,27.0,West,Acme Corp
S0093,2023-04-03,Widget B,560.0,20,Cathy Lee,Widgets,28.0,North,Beta LLC
S0094,2023-04-04,Widget C,87.0,3,David Kim,Widgets,29.0,South,Gamma Inc
S0095,2023-04-05,Gadget A,330.0,6,Eve Brown,Gadgets,55.0,East,Delta Co.
S0096,2023-04-06,Gadget B,504.0,9,Alice Johnson,Gadgets,56.0,West,Epsilon Ltd
S0097,2023-04-07,Gadget C,684.0,12,Bob Smith,Gadgets,57.0,North,Zeta Group
S0098,2023-04-08,Gadget D,870.0,15,Cathy Lee,Gadgets,58.0,South,Theta Enterprises
S0099,2023-04-09,Widget A,522.0,18,David Kim,Widgets,29.0,East,Acme Corp
S0100,2023-04-10,Widget B,25.0,1,Eve Brown,Widgets,25.0,West,Beta LLC
S0101,2023-04-11,Widget C,104.0,4,Alice Johnson,Widgets,26.0,North,Gamma Inc
S0102,2023-04-12,Gadget A,364.0,7,Bob Smith,Gadgets,52.0,South,Delta Co.
S0103,2023-04-13,Gadget B,530.0,10,Cathy Lee,Gadgets,53.0,East,Epsilon Ltd
S0104,2023-04-14,Gadget C,702.0,13,David Kim,Gadgets,54.0,West,Zeta Group
S0105,2023-04-15,Gadget D,880.0,16,Eve Brown,Gadgets,55.0,North,Theta Enterprises
S0106,2023-04-16,Widget A,494.0,19,Alice Johnson,Widgets,26.0,South,Acme Corp
S0107,2023-04-17,Widget B,54.0,2,Bob Smith,Widgets,27.0,East,Beta LLC
S0108,2023-04-18,Widget C,140.0,5,Cathy Lee,Widgets,28.0,West,Gamma Inc
S0109,2023-04-19,Gadget A,472.0,8,David Kim,Gadgets,59.0,North,Delta Co.
S0110,2023-04-20,Gadget B,550.0,11,Eve Brown,Gadgets,50.0,South,Epsilon Ltd
S0111,2023-04-21,Gadget C,714.0,14,Alice Johnson,Gadgets,51.0,East,Zeta Group
S0112,2023-04-22,Gadget D,884.0,17,Bob Smith,Gadgets,52.0,West,Theta Enterprises
S0113,2023-04-23,Widget A,560.0,20,Cathy Lee,Widgets,28.0,North,Acme Corp
S0114,2023-04-24,Widget B,87.0,3,David Kim,Widgets,29.0,South,Beta LLC
S0115,2023-04-25,Widget C,150.0,6,Eve Brown,Widgets,25.0,East,Gamma Inc
S0116,2023-04-26,Gadget A,504.0,9,Alice Johnson,Gadgets,56.0,West,Delta Co.
S0117,2023-04-27,Gadget B,684.0,12,Bob Smith,Gadgets,57.0,North,Epsilon Ltd
S0118,2023-04-28,Gadget C,870.0,15,Cathy Lee,Gadgets,58.0,South,Zeta Group
S0119,2023-04-29,Gadget D,1062.0,18,David Kim,Gadgets,59.0,East,Theta Enterprises
S0120,2023-04-30,Widget A,25.0,1,Eve Brown,Widgets,25.0,West,Acme Corp
S0121,2023-05-01,Widget B,104.0,4,Alice Johnson,Widgets,26.0,North,Beta LLC
S0122,2023-05-02,Widget C,189.0,7,Bob Smith,Widgets,27.0,South,Gamma Inc
S0123,2023-05-03,Gadget A,530.0,10,Cathy Lee,Gadgets,53.0,East,Delta Co.
S0124,2023-05-04,Gadget B,702.0,13,David Kim,Gadgets,54.0,West,Epsilon Ltd
S0125,2023-05-05,Gadget C,880.0,16,Eve Brown,Gadgets,55.0,North,Zeta Group
S0126,2023-05-06,Gadget D,1064.0,19,Alice Johnson,Gadgets,56.0,South,Theta Enterprises
S0127,2023-05-07,Widget A,54.0,2,Bob Smith,Widgets,27.0,East,Acme Corp
S0128,2023-05-08,Widget B,140.0,5,Cathy Lee,Widgets,28.0,West,Beta LLC
S0129,2023-05-09,Widget C,232.0,8,David Kim,Widgets,29.0,North,Gamma Inc
S0130,2023-05-10,Gadget A,550.0,11,Eve Brown,Gadgets,50.0,South,Delta Co.
S0131,2023-05-11,Gadget B,714.0,14,Alice Johnson,Gadgets,51.0,East,Epsilon Ltd
S0132,2023-05-12,Gadget C,884.0,17,Bob Smith,Gadgets,52.0,West,Zeta Group
S0133,2023-05-13,Gadget D,1060.0,20,Cathy Lee,Gadgets,53.0,North,Theta Enterprises
S0134,2023-05-14,Widget A,87.0,3,David Kim,Widgets,29.0,South,Acme Corp
S0135,2023-05-15,Widget B,150.0,6,Eve Brown,Widgets,25.0,East,Beta LLC
S0136,2023-05-16,Widget C,234.0,9,Alice Johnson,Widgets,26.0,West,Gamma Inc
S0137,2023-05-17,Gadget A,684.0,12,Bob Smith,Gadgets,57.0,North,Delta Co.
S0138,2023-05-18,Gadget B,870.0,15,Cathy Lee,Gadgets,58.0,South,Epsilon Ltd
S0139,2023-05-19,Gadget C,1062.0,18,David Kim,Gadgets,59.0,East,Zeta Group
S0140,2023-05-20,Gadget D,50.0,1,Eve Brown,Gadgets,50.0,West,Theta Enterprises
S0141,2023-05-21,Widget A,104.0,4,Alice Johnson,Widgets,26.0,North,Acme Corp
S0142,2023-05-22,Widget B,189.0,7,Bob Smith,Widgets,27.0,South,Beta LLC
S0143,2023-05-23,Widget C,280.0,10,Cathy Lee,Widgets,28.0,East,Gamma Inc
S0144,2023-05-24,Gadget A,702.0,13,David Kim,Gadgets,54.0,West,Delta Co.
S0145,2023-05-25,Gadget B,880.0,16,Eve Brown,Gadgets,55.0,North,Epsilon Ltd
S0146,2023-05-26,Gadget C,1064.0,19,Alice Johnson,Gadgets,56.0,South,Zeta Group
S0147,2023-05-27,Gadget D,114.0,2,Bob Smith,Gadgets,57.0,East,Theta Enterprises
S0148,2023-05-28,Widget A,140.0,5,Cathy Lee,Widgets,28.0,West,Acme Corp
S0149,2023-05-29,Widget B,232.0,8,David Kim,Widgets,29.0,North,Beta LLC
S0150,2023-05-30,Widget C,275.0,11,Eve Brown,Widgets,25.0,South,Gamma Inc
S0151,2023-05-31,Gadget A,714.0,14,Alice Johnson,Gadgets,51.0,East,Delta Co.
S0152,2023-06-01,Gadget B,884.0,17,Bob Smith,Gadgets,52.0,West,Epsilon Ltd
S0153,2023-06-02,Gadget C,1060.0,20,Cathy Lee,Gadgets,53.0,North,Zeta Group
S0154,2023-06-03,Gadget D,162.0,3,David Kim,Gadgets,54.0,South,Theta Enterprises
S0155,2023-06-04,Widget A,150.0,6,Eve Brown,Widgets,25.0,East,Acme Corp
S0156,2023-06-05,Widget B,234.0,9,Alice Johnson,Widgets,26.0,West,Beta LLC
S0157,2023-06-06,Widget C,324.0,12,Bob Smith,Widgets,27.0,North,Gamma Inc
S0158,2023-06-07,Gadget A,870.0,15,Cathy Lee,Gadgets,58.0,South,Delta Co.
S0159,2023-06-08,Gadget B,1062.0,18,David Kim,Gadgets,59.0,East,Epsilon Ltd
S0160,2023-06-09,Gadget C,50.0,1,Eve Brown,Gadgets,50.0,West,Zeta Group
S0161,2023-06-10,Gadget D,204.0,4,Alice Johnson,Gadgets,51.0,North,Theta Enterprises
S0162,2023-06-11,Widget A,189.0,7,Bob Smith,Widgets,27.0,South,Acme Corp
S0163,2023-06-12,Widget B,280.0,10,Cathy Lee,Widgets,28.0,East,Beta LLC
S0164,2023-06-13,Widget C,377.0,13,David Kim,Widgets,29.0,West,Gamma Inc
S0165,2023-06-14,Gadget A,880.0,16,Eve Brown,Gadgets,55.0,North,Delta Co.
S0166,2023-06-15,Gadget B,1064.0,19,Alice Johnson,Gadgets,56.0,South,Epsilon Ltd
S0167,2023-06-16,Gadget C,114.0,2,Bob Smith,Gadgets,57.0,East,Zeta Group
S0168,2023-06-17,Gadget D,290.0,5,Cathy Lee,Gadgets,58.0,West,Theta Enterprises
S0169,2023-06-18,Widget A,232.0,8,David Kim,Widgets,29.0,North,Acme Corp
S0170,2023-06-19,Widget B,275.0,11,Eve Brown,Widgets,25.0,South,Beta LLC
S0171,2023-06-20,Widget C,364.0,14,Alice Johnson,Widgets,26.0,East,Gamma Inc
S0172,2023-06-21,Gadget A,884.0,17,Bob Smith,Gadgets,52.0,West,Delta Co.
S0173,2023-06-22,Gadget B,1060.0,20,Cathy Lee,Gadgets,53.0,North,Epsilon Ltd
S0174,2023-06-23,Gadget C,162.0,3,David Kim,Gadgets,54.0,South,Zeta Group
S0175,2023-06-24,Gadget D,330.0,6,Eve Brown,Gadgets,55.0,East,Theta Enterprises
S0176,2023-06-25,Widget A,234.0,9,Alice Johnson,Widgets,26.0,West,Acme Corp
S0177,2023-06-26,Widget B,324.0,12,Bob Smith,Widgets,27.0,North,Beta LLC
S0178,2023-06-27,Widget C,420.0,15,Cathy Lee,Widgets,28.0,South,Gamma Inc
S0179,2023-06-28,Gadget A,1062.0,18,David Kim,Gadgets,59.0,East,Delta Co.
S0180,2023-06-29,Gadget B,50.0,1,Eve Brown,Gadgets,50.0,West,Epsilon Ltd
S0181,2023-06-30,Gadget C,204.0,4,Alice Johnson,Gadgets,51.0,North,Zeta Group
S0182,2023-07-01,Gadget D,364.0,7,Bob Smith,Gadgets,52.0,South,Theta Enterprises
S0183,2023-07-02,Widget A,280.0,10,Cathy Lee,Widgets,28.0,East,Acme Corp
S0184,2023-07-03,Widget B,377.0,13,David Kim,Widgets,29.0,West,Beta LLC
S0185,2023-07-04,Widget C,400.0,16,Eve Brown,Widgets,25.0,North,Gamma Inc
S0186,2023-07-05,Gadget A,1064.0,19,Alice Johnson,Gadgets,56.0,South,Delta Co.
S0187,2023-07-06,Gadget B,114.0,2,Bob Smith,Gadgets,57.0,East,Epsilon Ltd
S0188,2023-07-07,Gadget C,290.0,5,Cathy Lee,Gadgets,58.0,West,Zeta Group
S0189,2023-07-08,Gadget D,472.0,8,David Kim,Gadgets,59.0,North,Theta Enterprises
S0190,2023-07-09,Widget A,275.0,11,Eve Brown,Widgets,25.0,South,Acme Corp
S0191,2023-07-10,Widget B,364.0,14,Alice Johnson,Widgets,26.0,East,Beta LLC
S0192,2023-07-11,Widget C,459.0,17,Bob Smith,Widgets,27.0,West,Gamma Inc
S0193,2023-07-12,Gadget A,1060.0,20,Cathy Lee,Gadgets,53.0,North,Delta Co.
S0194,2023-07-13,Gadget B,162.0,3,David Kim,Gadgets,54.0,South,Epsilon Ltd
S0195,2023-07-14,Gadget C,330.0,6,Eve Brown,Gadgets,55.0,East,Zeta Group
S0196,2023-07-15,Gadget D,504.0,9,Alice Johnson,Gadgets,56.0,West,Theta Enterprises
S0197,2023-07-16,Widget A,324.0,12,Bob Smith,Widgets,27.0,North,Acme Corp
S0198,2023-07-17,Widget B,420.0,15,Cathy Lee,Widgets,28.0,South,Beta LLC
S0199,2023-07-18,Widget C,522.0,18,David Kim,Widgets,29.0,East,Gamma Inc
S0200,2023-07-19,Gadget A,50.0,1,Eve Brown,Gadgets,50.0,West,Delta Co.
S0201,2023-07-20,Gadget B,204.0,4,Alice Johnson,Gadgets,51.0,North,Epsilon Ltd
S0202,2023-07-21,Gadget C,364.0,7,Bob Smith,Gadgets,52.0,South,Zeta Group
S0203,2023-07-22,Gadget D,530.0,10,Cathy Lee,Gadgets,53.0,East,Theta Enterprises
S0204,2023-07-23,Widget A,377.0,13,David Kim,Widgets,29.0,West,Acme Corp
S0205,2023-07-24,Widget B,400.0,16,Eve Brown,Widgets,25.0,North,Beta LLC
S0206,2023-07-25,Widget C,494.0,19,Alice Johnson,Widgets,26.0,South,Gamma Inc
S0207,2023-07-26,Gadget A,114.0,2,Bob Smith,Gadgets,57.0,East,Delta Co.
S0208,2023-07-27,Gadget B,290.0,5,Cathy Lee,Gadgets,58.0,West,Epsilon Ltd
S0209,2023-07-28,Gadget C,472.0,8,David Kim,Gadgets,59.0,North,Zeta Group
S0210,2023-07-29,Gadget D,550.0,11,Eve Brown,Gadgets,50.0,South,Theta Enterprises
S0211,2023-07-30,Widget A,364.0,14,Alice Johnson,Widgets,26.0,East,Acme Corp
S0212,2023-07-31,Widget B,459.0,17,Bob Smith,Widgets,27.0,West,Beta LLC
S0213,2023-08-01,Widget C,560.0,20,Cathy Lee,Widgets,28.0,North,Gamma Inc
S0214,2023-08-02,Gadget A,162.0,3,David Kim,Gadgets,54.0,South,Delta Co.
S0215,2023-08-03,Gadget B,330.0,6,Eve Brown,Gadgets,55.0,East,Epsilon Ltd
S0216,2023-08-04,Gadget C,504.0,9,Alice Johnson,Gadgets,56.0,West,Zeta Group
S0217,2023-08-05,Gadget D,684.0,12,Bob Smith,Gadgets,57.0,North,Theta Enterprises
S0218,2023-08-06,Widget A,420.0,15,Cathy Lee,Widgets,28.0,South,Acme Corp
S0219,2023-08-07,Widget B,522.0,18,David Kim,Widgets,29.0,East,Beta LLC
S0220,2023-08-08,Widget C,25.0,1,Eve Brown,Widgets,25.0,West,Gamma Inc
S0221,2023-08-09,Gadget A,204.0,4,Alice Johnson,Gadgets,51.0,North,Delta Co.
S0222,2023-08-10,Gadget B,364.0,7,Bob Smith,Gadgets,52.0,South,Epsilon Ltd
S0223,2023-08-11,Gadget C,530.0,10,Cathy Lee,Gadgets,53.0,East,Zeta Group
S0224,2023-08-12,Gadget D,702.0,13,David Kim,Gadgets,54.0,West,Theta Enterprises
S0225,2023-08-13,Widget A,400.0,16,Eve Brown,Widgets,25.0,North,Acme Corp
S0226,2023-08-14,Widget B,494.0,19,Alice Johnson,Widgets,26.0,South,Beta LLC
S0227,2023-08-15,Widget C,54.0,2,Bob Smith,Widgets,27.0,East,Gamma Inc
S0228,2023-08-16,Gadget A,290.0,5,Cathy Lee,Gadgets,58.0,West,Delta Co.
S0229,2023-08-17,Gadget B,472.0,8,David Kim,Gadgets,59.0,North,Epsilon Ltd
S0230,2023-08-18,Gadget C,550.0,11,Eve Brown,Gadgets,50.0,South,Zeta Group
S0231,2023-08-19,Gadget D,714.0,14,Alice Johnson,Gadgets,51.0,East,Theta Enterprises
S0232,2023-08-20,Widget A,459.0,17,Bob Smith,Widgets,27.0,West,Acme Corp
S0233,2023-08-21,Widget B,560.0,20,Cathy Lee,Widgets,28.0,North,Beta LLC
S0234,2023-08-22,Widget C,87.0,3,David Kim,Widgets,29.0,South,Gamma Inc
S0235,2023-08-23,Gadget A,330.0,6,Eve Brown,Gadgets,55.0,East,Delta Co.
S0236,2023-08-24,Gadget B,504.0,9,Alice Johnson,Gadgets,56.0,West,Epsilon Ltd
S0237,2023-08-25,Gadget C,684.0,12,Bob Smith,Gadgets,57.0,North,Zeta Group
S0238,2023-08-26,Gadget D,870.0,15,Cathy Lee,Gadgets,58.0,South,Theta Enterprises
S0239,2023-08-27,Widget A,522.0,18,David Kim,Widgets,29.0,East,Acme Corp
S0240,2023-08-28,Widget B,25.0,1,Eve Brown,Widgets,25.0,West,Beta LLC
S0241,2023-08-29,Widget C,104.0,4,Alice Johnson,Widgets,26.0,North,Gamma Inc
S0242,2023-08-30,Gadget A,364.0,7,Bob Smith,Gadgets,52.0,South,Delta Co.
S0243,2023-08-31,Gadget B,530.0,10,Cathy Lee,Gadgets,53.0,East,Epsilon Ltd
S0244,2023-09-01,Gadget C,702.0,13,David Kim,Gadgets,54.0,West,Zeta Group
S0245,2023-09-02,Gadget D,880.0,16,Eve Brown,Gadgets,55.0,North,Theta Enterprises
S0246,2023-09-03,Widget A,494.0,19,Alice Johnson,Widgets,26.0,South,Acme Corp
S0247,2023-09-04,Widget B,54.0,2,Bob Smith,Widgets,27.0,East,Beta LLC
S0248,2023-09-05,Widget C,140.0,5,Cathy Lee,Widgets,28.0,West,Gamma Inc
S0249,2023-09-06,Gadget A,472.0,8,David Kim,Gadgets,59.0,North,Delta Co.
S0250,2023-09-07,Gadget B,550.0,11,Eve Brown,Gadgets,50.0,South,Epsilon Ltd
S0251,2023-09-08,Gadget C,714.0,14,Alice Johnson,Gadgets,51.0,East,Zeta Group
S0252,2023-09-09,Gadget D,884.0,17,Bob Smith,Gadgets,52.0,West,Theta Enterprises
S0253,2023-09-10,Widget A,560.0,20,Cathy Lee,Widgets,28.0,North,Acme Corp
S0254,2023-09-11,Widget B,87.0,3,David Kim,Widgets,29.0,South,Beta LLC
S0255,2023-09-12,Widget C,150.0,6,Eve Brown,Widgets,25.0,East,Gamma Inc
S0256,2023-09-13,Gadget A,504.0,9,Alice Johnson,Gadgets,56.0,West,Delta Co.
S0257,2023-09-14,Gadget B,684.0,12,Bob Smith,Gadgets,57.0,North,Epsilon Ltd
S0258,2023-09-15,Gadget C,870.0,15,Cathy Lee,Gadgets,58.0,South,Zeta Group
S0259,2023-09-16,Gadget D,1062.0,18,David Kim,Gadgets,59.0,East,Theta Enterprises
S0260,2023-09-17,Widget A,25.0,1,Eve Brown,Widgets,25.0,West,Acme Corp
S0261,2023-09-18,Widget B,104.0,4,Alice Johnson,Widgets,26.0,North,Beta LLC
S0262,2023-09-19,Widget C,189.0,7,Bob Smith,Widgets,27.0,South,Gamma Inc
S0263,2023-09-20,Gadget A,530.0,10,Cathy Lee,Gadgets,53.0,East,Delta Co.
S0264,2023-09-21,Gadget B,702.0,13,David Kim,Gadgets,54.0,West,Epsilon Ltd
S0265,2023-09-22,Gadget C,880.0,16,Eve Brown,Gadgets,55.0,North,Zeta Group
S0266,2023-09-23,Gadget D,1064.0,19,Alice Johnson,Gadgets,56.0,South,Theta Enterprises
S0267,2023-09-24,Widget A,54.0,2,Bob Smith,Widgets,27.0,East,Acme Corp
S0268,2023-09-25,Widget B,140.0,5,Cathy Lee,Widgets,28.0,West,Beta LLC
S0269,2023-09-26,Widget C,232.0,8,David Kim,Widgets,29.0,North,Gamma Inc
S0270,2023-09-27,Gadget A,550.0,11,Eve Brown,Gadgets,50.0,South,Delta Co.
S0271,2023-09-28,Gadget B,714.0,14,Alice Johnson,Gadgets,51.0,East,Epsilon Ltd
S0272,2023-09-29,Gadget C,884.0,17,Bob Smith,Gadgets,52.0,West,Zeta Group
S0273,2023-09-30,Gadget D,1060.0,20,Cathy Lee,Gadgets,53.0,North,Theta Enterprises
S0274,2023-10-01,Widget A,87.0,3,David Kim,Widgets,29.0,South,Acme Corp
S0275,2023-10-02,Widget B,150.0,6,Eve Brown,Widgets,25.0,East,Beta LLC
S0276,2023-10-03,Widget C,234.0,9,Alice Johnson,Widgets,26.0,West,Gamma Inc
S0277,2023-10-04,Gadget A,684.0,12,Bob Smith,Gadgets,57.0,North,Delta Co.
S0278,2023-10-05,Gadget B,870.0,15,Cathy Lee,Gadgets,58.0,South,Epsilon Ltd
S0279,2023-10-06,Gadget C,1062.0,18,David Kim,Gadgets,59.0,East,Zeta Group
S0280,2023-10-07,Gadget D,50.0,1,Eve Brown,Gadgets,50.0,West,Theta Enterprises
S0281,2023-10-08,Widget A,104.0,4,Alice Johnson,Widgets,26.0,North,Acme Corp
S0282,2023-10-09,Widget B,189.0,7,Bob Smith,Widgets,27.0,South,Beta LLC
S0283,2023-10-10,Widget C,280.0,10,Cathy Lee,Widgets,28.0,East,Gamma Inc
S0284,2023-10-11,Gadget A,702.0,13,David Kim,Gadgets,54.0,West,Delta Co.
S0285,2023-10-12,Gadget B,880.0,16,Eve Brown,Gadgets,55.0,North,Epsilon Ltd
S0286,2023-10-13,Gadget C,1064.0,19,Alice Johnson,Gadgets,56.0,South,Zeta Group
S0287,2023-10-14,Gadget D,114.0,2,Bob Smith,Gadgets,57.0,East,Theta Enterprises
S0288,2023-10-15,Widget A,140.0,5,Cathy Lee,Widgets,28.0,West,Acme Corp
S0289,2023-10-16,Widget B,232.0,8,David Kim,Widgets,29.0,North,Beta LLC
S0290,2023-10-17,Widget C,275.0,11,Eve Brown,Widgets,25.0,South,Gamma Inc
S0291,2023-10-18,Gadget A,714.0,14,Alice Johnson,Gadgets,51.0,East,Delta Co.
S0292,2023-10-19,Gadget B,884.0,17,Bob Smith,Gadgets,52.0,West,Epsilon Ltd
S0293,2023-10-20,Gadget C,1060.0,20,Cathy Lee,Gadgets,53.0,North,Zeta Group
S0294,2023-10-21,Gadget D,162.0,3,David Kim,Gadgets,54.0,South,Theta Enterprises
S0295,2023-10-22,Widget A,150.0,6,Eve Brown,Widgets,25.0,East,Acme Corp
S0296,2023-10-23,Widget B,234.0,9,Alice Johnson,Widgets,26.0,West,Beta LLC
S0297,2023-10-24,Widget C,324.0,12,Bob Smith,Widgets,27.0,North,Gamma Inc
S0298,2023-10-25,Gadget A,870.0,15,Cathy Lee,Gadgets,58.0,South,Delta Co.
S0299,2023-10-26,Gadget B,1062.0,18,David Kim,Gadgets,59.0,East,Epsilon Ltd
S0300,2023-10-27,Gadget C,50.0,1,Eve Brown,Gadgets,50.0,West,Zeta Group
S0301,2023-10-28,Gadget D,204.0,4,Alice Johnson,Gadgets,51.0,North,Theta Enterprises
S0302,2023-10-29,Widget A,189.0,7,Bob Smith,Widgets,27.0,South,Acme Corp
S0303,2023-10-30,Widget B,280.0,10,Cathy Lee,Widgets,28.0,East,Beta LLC
S0304,2023-10-31,Widget C,377.0,13,David Kim,Widgets,29.0,West,Gamma Inc
S0305,2023-11-01,Gadget A,880.0,16,Eve Brown,Gadgets,55.0,North,Delta Co.
S0306,2023-11-02,Gadget B,1064.0,19,Alice Johnson,Gadgets,56.0,South,Epsilon Ltd
S0307,2023-11-03,Gadget C,114.0,2,Bob Smith,Gadgets,57.0,East,Zeta Group
S0308,2023-11-04,Gadget D,290.0,5,Cathy Lee,Gadgets,58.0,West,Theta Enterprises
S0309,2023-11-05,Widget A,232.0,8,David Kim,Widgets,29.0,North,Acme Corp
S0310,2023-11-06,Widget B,275.0,11,Eve Brown,Widgets,25.0,South,Beta LLC
S0311,2023-11-07,Widget C,364.0,14,Alice Johnson,Widgets,26.0,East,Gamma Inc
S0312,2023-11-08,Gadget A,884.0,17,Bob Smith,Gadgets,52.0,West,Delta Co.
S0313,2023-11-09,Gadget B,1060.0,20,Cathy Lee,Gadgets,53.0,North,Epsilon Ltd
S0314,2023-11-10,Gadget C,162.0,3,David Kim,Gadgets,54.0,South,Zeta Group
S0315,2023-11-11,Gadget D,330.0,6,Eve Brown,Gadgets,55.0,East,Theta Enterprises
S0316,2023-11-12,Widget A,234.0,9,Alice Johnson,Widgets,26.0,West,Acme Corp
S0317,2023-11-13,Widget B,324.0,12,Bob Smith,Widgets,27.0,North,Beta LLC
S0318,2023-11-14,Widget C,420.0,15,Cathy Lee,Widgets,28.0,South,Gamma Inc
S0319,2023-11-15,Gadget A,1062.0,18,David Kim,Gadgets,59.0,East,Delta Co.
S0320,2023-11-16,Gadget B,50.0,1,Eve Brown,Gadgets,50.0,West,Epsilon Ltd
S0321,2023-11-17,Gadget C,204.0,4,Alice Johnson,Gadgets,51.0,North,Zeta Group
S0322,2023-11-18,Gadget D,364.0,7,Bob Smith,Gadgets,52.0,South,Theta Enterprises
S0323,2023-11-19,Widget A,280.0,10,Cathy Lee,Widgets,28.0,East,Acme Corp
S0324,2023-11-20,Widget B,377.0,13,David Kim,Widgets,29.0,West,Beta LLC
S0325,2023-11-21,Widget C,400.0,16,Eve Brown,Widgets,25.0,North,Gamma Inc
S0326,2023-11-22,Gadget A,1064.0,19,Alice Johnson,Gadgets,56.0,South,Delta Co.
S0327,2023-11-23,Gadget B,114.0,2,Bob Smith,Gadgets,57.0,East,Epsilon Ltd
S0328,2023-11-24,Gadget C,290.0,5,Cathy Lee,Gadgets,58.0,West,Zeta Group
S0329,2023-11-25,Gadget D,472.0,8,David Kim,Gadgets,59.0,North,Theta Enterprises
S0330,2023-11-26,Widget A,275.0,11,Eve Brown,Widgets,25.0,South,Acme Corp
S0331,2023-11-27,Widget B,364.0,14,Alice Johnson,Widgets,26.0,East,Beta LLC
S0332,2023-11-28,Widget C,459.0,17,Bob Smith,Widgets,27.0,West,Gamma Inc
S0333,2023-11-29,Gadget A,1060.0,20,Cathy Lee,Gadgets,53.0,North,Delta Co.
S0334,2023-11-30,Gadget B,162.0,3,David Kim,Gadgets,54.0,South,Epsilon Ltd
S0335,2023-12-01,Gadget C,330.0,6,Eve Brown,Gadgets,55.0,East,Zeta Group
S0336,2023-12-02,Gadget D,504.0,9,Alice Johnson,Gadgets,56.0,West,Theta Enterprises
S0337,2023-12-03,Widget A,324.0,12,Bob Smith,Widgets,27.0,North,Acme Corp
S0338,2023-12-04,Widget B,420.0,15,Cathy Lee,Widgets,28.0,South,Beta LLC
S0339,2023-12-05,Widget C,522.0,18,David Kim,Widgets,29.0,East,Gamma Inc
S0340,2023-12-06,Gadget A,50.0,1,Eve Brown,Gadgets,50.0,West,Delta Co.
S0341,2023-12-07,Gadget B,204.0,4,Alice Johnson,Gadgets,51.0,North,Epsilon Ltd
S0342,2023-12-08,Gadget C,364.0,7,Bob Smith,Gadgets,52.0,South,Zeta Group
S0343,2023-12-09,Gadget D,530.0,10,Cathy Lee,Gadgets,53.0,East,Theta Enterprises
S0344,2023-12-10,Widget A,377.0,13,David Kim,Widgets,29.0,West,Acme Corp
S0345,2023-12-11,Widget B,400.0,16,Eve Brown,Widgets,25.0,North,Beta LLC
S0346,2023-12-12,Widget C,494.0,19,Alice Johnson,Widgets,26.0,South,Gamma Inc
S0347,2023-12-13,Gadget A,114.0,2,Bob Smith,Gadgets,57.0,East,Delta Co.
S0348,2023-12-14,Gadget B,290.0,5,Cathy Lee,Gadgets,58.0,West,Epsilon Ltd
S0349,2023-12-15,Gadget C,472.0,8,David Kim,Gadgets,59.0,North,Zeta Group
S0350,2023-12-16,Gadget D,550.0,11,Eve Brown,Gadgets,50.0,South,Theta Enterprises
S0351,2023-12-17,Widget A,364.0,14,Alice Johnson,Widgets,26.0,East,Acme Corp
S0352,2023-12-18,Widget B,459.0,17,Bob Smith,Widgets,27.0,West,Beta LLC
S0353,2023-12-19,Widget C,560.0,20,Cathy Lee,Widgets,28.0,North,Gamma Inc
S0354,2023-12-20,Gadget A,162.0,3,David Kim,Gadgets,54.0,South,Delta Co.
S0355,2023-12-21,Gadget B,330.0,6,Eve Brown,Gadgets,55.0,East,Epsilon Ltd
S0356,2023-12-22,Gadget C,504.0,9,Alice Johnson,Gadgets,56.0,West,Zeta Group
S0357,2023-12-23,Gadget D,684.0,12,Bob Smith,Gadgets,57.0,North,Theta Enterprises
S0358,2023-12-24,Widget A,420.0,15,Cathy Lee,Widgets,28.0,South,Acme Corp
S0359,2023-12-25,Widget B,522.0,18,David Kim,Widgets,29.0,East,Beta LLC
S0360,2023-12-26,Widget C,25.0,1,Eve Brown,Widgets,25.0,West,Gamma Inc
S0361,2023-12-27,Gadget A,204.0,4,Alice Johnson,Gadgets,51.0,North,Delta Co.
S0362,2023-12-28,Gadget B,364.0,7,Bob Smith,Gadgets,52.0,South,Epsilon Ltd
S0363,2023-12-29,Gadget C,530.0,10,Cathy Lee,Gadgets,53.0,East,Zeta Group
S0364,2023-12-30,Gadget D,702.0,13,David Kim,Gadgets,54.0,West,Theta Enterprises
S0365,2023-12-31,Widget A,400.0,16,Eve Brown,Widgets,25.0,North,Acme Corp
S0366,2023-01-01,Widget B,494.0,19,Alice Johnson,Widgets,26.0,South,Beta LLC
S0367,2023-01-02,Widget C,54.0,2,Bob Smith,Widgets,27.0,East,Gamma Inc
S0368,2023-01-03,Gadget A,290.0,5,Cathy Lee,Gadgets,58.0,West,Delta Co.
S0369,2023-01-04,Gadget B,472.0,8,David Kim,Gadgets,59.0,North,Epsilon Ltd
S0370,2023-01-05,Gadget C,550.0,11,Eve Brown,Gadgets,50.0,South,Zeta Group
S0371,2023-01-06,Gadget D,714.0,14,Alice Johnson,Gadgets,51.0,East,Theta Enterprises
S0372,2023-01-07,Widget A,459.0,17,Bob Smith,Widgets,27.0,West,Acme Corp
S0373,2023-01-08,Widget B,560.0,20,Cathy Lee,Widgets,28.0,North,Beta LLC
S0374,2023-01-09,Widget C,87.0,3,David Kim,Widgets,29.0,South,Gamma Inc
S0375,2023-01-10,Gadget A,330.0,6,Eve Brown,Gadgets,55.0,East,Delta Co.
S0376,2023-01-11,Gadget B,504.0,9,Alice Johnson,Gadgets,56.0,West,Epsilon Ltd
S0377,2023-01-12,Gadget C,684.0,12,Bob Smith,Gadgets,57.0,North,Zeta Group
S0378,2023-01-13,Gadget D,870.0,15,Cathy Lee,Gadgets,58.0,South,Theta Enterprises
S0379,2023-01-14,Widget A,522.0,18,David Kim,Widgets,29.0,East,Acme Corp
S0380,2023-01-15,Widget B,25.0,1,Eve Brown,Widgets,25.0,West,Beta LLC
S0381,2023-01-16,Widget C,104.0,4,Alice Johnson,Widgets,26.0,North,Gamma Inc
S0382,2023-01-17,Gadget A,364.0,7,Bob Smith,Gadgets,52.0,South,Delta Co.
S0383,2023-01-18,Gadget B,530.0,10,Cathy Lee,Gadgets,53.0,East,Epsilon Ltd
S0384,2023-01-19,Gadget C,702.0,13,David Kim,Gadgets,54.0,West,Zeta Group
S0385,2023-01-20,Gadget D,880.0,16,Eve Brown,Gadgets,55.0,North,Theta Enterprises
S0386,2023-01-21,Widget A,494.0,19,Alice Johnson,Widgets,26.0,South,Acme Corp
S0387,2023-01-22,Widget B,54.0,2,Bob Smith,Widgets,27.0,East,Beta LLC
S0388,2023-01-23,Widget C,140.0,5,Cathy Lee,Widgets,28.0,West,Gamma Inc
S0389,2023-01-24,Gadget A,472.0,8,David Kim,Gadgets,59.0,North,Delta Co.
S0390,2023-01-25,Gadget B,550.0,11,Eve Brown,Gadgets,50.0,South,Epsilon Ltd
S0391,2023-01-26,Gadget C,714.0,14,Alice Johnson,Gadgets,51.0,East,Zeta Group
S0392,2023-01-27,Gadget D,884.0,17,Bob Smith,Gadgets,52.0,West,Theta Enterprises
S0393,2023-01-28,Widget A,560.0,20,Cathy Lee,Widgets,28.0,North,Acme Corp
S0394,2023-01-29,Widget B,87.0,3,David Kim,Widgets,29.0,South,Beta LLC
S0395,2023-01-30,Widget C,150.0,6,Eve Brown,Widgets,25.0,East,Gamma Inc
S0396,2023-01-31,Gadget A,504.0,9,Alice Johnson,Gadgets,56.0,West,Delta Co.
S0397,2023-02-01,Gadget B,684.0,12,Bob Smith,Gadgets,57.0,North,Epsilon Ltd
S0398,2023-02-02,Gadget C,870.0,15,Cathy Lee,Gadgets,58.0,South,Zeta Group
S0399,2023-02-03,Gadget D,1062.0,18,David Kim,Gadgets,59.0,East,Theta Enterprises
S0400,2023-02-04,Widget A,25.0,1,Eve Brown,Widgets,25.0,West,Acme Corp
S0401,2023-02-05,Widget B,104.0,4,Alice Johnson,Widgets,26.0,North,Beta LLC
S0402,2023-02-06,Widget C,189.0,7,Bob Smith,Widgets,27.0,South,Gamma Inc
S0403,2023-02-07,Gadget A,530.0,10,Cathy Lee,Gadgets,53.0,East,Delta Co.
S0404,2023-02-08,Gadget B,702.0,13,David Kim,Gadgets,54.0,West,Epsilon Ltd
S0405,2023-02-09,Gadget C,880.0,16,Eve Brown,Gadgets,55.0,North,Zeta Group
S0406,2023-02-10,Gadget D,1064.0,19,Alice Johnson,Gadgets,56.0,South,Theta Enterprises
S0407,2023-02-11,Widget A,54.0,2,Bob Smith,Widgets,27.0,East,Acme Corp
S0408,2023-02-12,Widget B,140.0,5,Cathy Lee,Widgets,28.0,West,Beta LLC
S0409,2023-02-13,Widget C,232.0,8,David Kim,Widgets,29.0,North,Gamma Inc
S0410,2023-02-14,Gadget A,550.0,11,Eve Brown,Gadgets,50.0,South,Delta Co.
S0411,2023-02-15,Gadget B,714.0,14,Alice Johnson,Gadgets,51.0,East,Epsilon Ltd
S0412,2023-02-16,Gadget C,884.0,17,Bob Smith,Gadgets,52.0,West,Zeta Group
S0413,2023-02-17,Gadget D,1060.0,20,Cathy Lee,Gadgets,53.0,North,Theta Enterprises
S0414,2023-02-18,Widget A,87.0,3,David Kim,Widgets,29.0,South,Acme Corp
S0415,2023-02-19,Widget B,150.0,6,Eve Brown,Widgets,25.0,East,Beta LLC
S0416,2023-02-20,Widget C,234.0,9,Alice Johnson,Widgets,26.0,West,Gamma Inc
S0417,2023-02-21,Gadget A,684.0,12,Bob Smith,Gadgets,57.0,North,Delta Co.
S0418,2023-02-22,Gadget B,870.0,15,Cathy Lee,Gadgets,58.0,South,Epsilon Ltd
S0419,2023-02-23,Gadget C,1062.0,18,David Kim,Gadgets,59.0,East,Zeta Group
S0420,2023-02-24,Gadget D,50.0,1,Eve Brown,Gadgets,50.0,West,Theta Enterprises
S0421,2023-02-25,Widget A,104.0,4,Alice Johnson,Widgets,26.0,North,Acme Corp
S0422,2023-02-26,Widget B,189.0,7,Bob Smith,Widgets,27.0,South,Beta LLC
S0423,2023-02-27,Widget C,280.0,10,Cathy Lee,Widgets,28.0,East,Gamma Inc
S0424,2023-02-28,Gadget A,702.0,13,David Kim,Gadgets,54.0,West,Delta Co.
S0425,2023-03-01,Gadget B,880.0,16,Eve Brown,Gadgets,55.0,North,Epsilon Ltd
S0426,2023-03-02,Gadget C,1064.0,19,Alice Johnson,Gadgets,56.0,South,Zeta Group
S0427,2023-03-03,Gadget D,114.0,2,Bob Smith,Gadgets,57.0,East,Theta Enterprises
S0428,2023-03-04,Widget A,140.0,5,Cathy Lee,Widgets,28.0,West,Acme Corp
S0429,2023-03-05,Widget B,232.0,8,David Kim,Widgets,29.0,North,Beta LLC
S0430,2023-03-06,Widget C,275.0,11,Eve Brown,Widgets,25.0,South,Gamma Inc
S0431,2023-03-07,Gadget A,714.0,14,Alice Johnson,Gadgets,51.0,East,Delta Co.
S0432,2023-03-08,Gadget B,884.0,17,Bob Smith,Gadgets,52.0,West,Epsilon Ltd
S0433,2023-03-09,Gadget C,1060.0,20,Cathy Lee,Gadgets,53.0,North,Zeta Group
S0434,2023-03-10,Gadget D,162.0,3,David Kim,Gadgets,54.0,South,Theta Enterprises
S0435,2023-03-11,Widget A,150.0,6,Eve Brown,Widgets,25.0,East,Acme Corp
S0436,2023-03-12,Widget B,234.0,9,Alice Johnson,Widgets,26.0,West,Beta LLC
S0437,2023-03-13,Widget C,324.0,12,Bob Smith,Widgets,27.0,North,Gamma Inc
S0438,2023-03-14,Gadget A,870.0,15,Cathy Lee,Gadgets,58.0,South,Delta Co.
S0439,2023-03-15,Gadget B,1062.0,18,David Kim,Gadgets,59.0,East,Epsilon Ltd
S0440,2023-03-16,Gadget C,50.0,1,Eve Brown,Gadgets,50.0,West,Zeta Group
S0441,2023-03-17,Gadget D,204.0,4,Alice Johnson,Gadgets,51.0,North,Theta Enterprises
S0442,2023-03-18,Widget A,189.0,7,Bob Smith,Widgets,27.0,South,Acme Corp
S0443,2023-03-19,Widget B,280.0,10,Cathy Lee,Widgets,28.0,East,Beta LLC
S0444,2023-03-20,Widget C,377.0,13,David Kim,Widgets,29.0,West,Gamma Inc
S0445,2023-03-21,Gadget A,880.0,16,Eve Brown,Gadgets,55.0,North,Delta Co.
S0446,2023-03-22,Gadget B,1064.0,19,Alice Johnson,Gadgets,56.0,South,Epsilon Ltd
S0447,2023-03-23,Gadget C,114.0,2,Bob Smith,Gadgets,57.0,East,Zeta Group
S0448,2023-03-24,Gadget D,290.0,5,Cathy Lee,Gadgets,58.0,West,Theta Enterprises
S0449,2023-03-25,Widget A,232.0,8,David Kim,Widgets,29.0,North,Acme Corp
S0450,2023-03-26,Widget B,275.0,11,Eve Brown,Widgets,25.0,South,Beta LLC
S0451,2023-03-27,Widget C,364.0,14,Alice Johnson,Widgets,26.0,East,Gamma Inc
S0452,2023-03-28,Gadget A,884.0,17,Bob Smith,Gadgets,52.0,West,Delta Co.
S0453,2023-03-29,Gadget B,1060.0,20,Cathy Lee,Gadgets,53.0,North,Epsilon Ltd
S0454,2023-03-30,Gadget C,162.0,3,David Kim,Gadgets,54.0,South,Zeta Group
S0455,2023-03-31,Gadget D,330.0,6,Eve Brown,Gadgets,55.0,East,Theta Enterprises
S0456,2023-04-01,Widget A,234.0,9,Alice Johnson,Widgets,26.0,West,Acme Corp
S0457,2023-04-02,Widget B,324.0,12,Bob Smith,Widgets,27.0,North,Beta LLC
S0458,2023-04-03,Widget C,420.0,15,Cathy Lee,Widgets,28.0,South,Gamma Inc
S0459,2023-04-04,Gadget A,1062.0,18,David Kim,Gadgets,59.0,East,Delta Co.
S0460,2023-04-05,Gadget B,50.0,1,Eve Brown,Gadgets,50.0,West,Epsilon Ltd
S0461,2023-04-06,Gadget C,204.0,4,Alice Johnson,Gadgets,51.0,North,Zeta Group
S0462,2023-04-07,Gadget D,364.0,7,Bob Smith,Gadgets,52.0,South,Theta Enterprises
S0463,2023-04-08,Widget A,280.0,10,Cathy Lee,Widgets,28.0,East,Acme Corp
S0464,2023-04-09,Widget B,377.0,13,David Kim,Widgets,29.0,West,Beta LLC
S0465,2023-04-10,Widget C,400.0,16,Eve Brown,Widgets,25.0,North,Gamma Inc
S0466,2023-04-11,Gadget A,1064.0,19,Alice Johnson,Gadgets,56.0,South,Delta Co.
S0467,2023-04-12,Gadget B,114.0,2,Bob Smith,Gadgets,57.0,East,Epsilon Ltd
S0468,2023-04-13,Gadget C,290.0,5,Cathy Lee,Gadgets,58.0,West,Zeta Group
S0469,2023-04-14,Gadget D,472.0,8,David Kim,Gadgets,59.0,North,Theta Enterprises
S0470,2023-04-15,Widget A,275.0,11,Eve Brown,Widgets,25.0,South,Acme Corp
S0471,2023-04-16,Widget B,364.0,14,Alice Johnson,Widgets,26.0,East,Beta LLC
S0472,2023-04-17,Widget C,459.0,17,Bob Smith,Widgets,27.0,West,Gamma Inc
S0473,2023-04-18,Gadget A,1060.0,20,Cathy Lee,Gadgets,53.0,North,Delta Co.
S0474,2023-04-19,Gadget B,162.0,3,David Kim,Gadgets,54.0,South,Epsilon Ltd
S0475,2023-04-20,Gadget C,330.0,6,Eve Brown,Gadgets,55.0,East,Zeta Group
S0476,2023-04-21,Gadget D,504.0,9,Alice Johnson,Gadgets,56.0,West,Theta Enterprises
S0477,2023-04-22,Widget A,324.0,12,Bob Smith,Widgets,27.0,North,Acme Corp
S0478,2023-04-23,Widget B,420.0,15,Cathy Lee,Widgets,28.0,South,Beta LLC
S0479,2023-04-24,Widget C,522.0,18,David Kim,Widgets,29.0,East,Gamma Inc
S0480,2023-04-25,Gadget A,50.0,1,Eve Brown,Gadgets,50.0,West,Delta Co.
S0481,2023-04-26,Gadget B,204.0,4,Alice Johnson,Gadgets,51.0,North,Epsilon Ltd
S0482,2023-04-27,Gadget C,364.0,7,Bob Smith,Gadgets,52.0,South,Zeta Group
S0483,2023-04-28,Gadget D,530.0,10,Cathy Lee,Gadgets,53.0,East,Theta Enterprises
S0484,2023-04-29,Widget A,377.0,13,David Kim,Widgets,29.0,West,Acme Corp
S0485,2023-04-30,Widget B,400.0,16,Eve Brown,Widgets,25.0,North,Beta LLC
S0486,2023-05-01,Widget C,494.0,19,Alice Johnson,Widgets,26.0,South,Gamma Inc
S0487,2023-05-02,Gadget A,114.0,2,Bob Smith,Gadgets,57.0,East,Delta Co.
S0488,2023-05-03,Gadget B,290.0,5,Cathy Lee,Gadgets,58.0,West,Epsilon Ltd
S0489,2023-05-04,Gadget C,472.0,8,David Kim,Gadgets,59.0,North,Zeta Group
S0490,2023-05-05,Gadget D,550.0,11,Eve Brown,Gadgets,50.0,South,Theta Enterprises
S0491,2023-05-06,Widget A,364.0,14,Alice Johnson,Widgets,26.0,East,Acme Corp
S0492,2023-05-07,Widget B,459.0,17,Bob Smith,Widgets,27.0,West,Beta LLC
S0493,2023-05-08,Widget C,560.0,20,Cathy Lee,Widgets,28.0,North,Gamma Inc
S0494,2023-05-09,Gadget A,162.0,3,David Kim,Gadgets,54.0,South,Delta Co.
S0495,2023-05-10,Gadget B,330.0,6,Eve Brown,Gadgets,55.0,East,Epsilon Ltd
S0496,2023-05-11,Gadget C,504.0,9,Alice Johnson,Gadgets,56.0,West,Zeta Group
S0497,2023-05-12,Gadget D,684.0,12,Bob Smith,Gadgets,57.0,North,Theta Enterprises
S0498,2023-05-13,Widget A,420.0,15,Cathy Lee,Widgets,28.0,South,Acme Corp
S0499,2023-05-14,Widget B,522.0,18,David Kim,Widgets,29.0,East,Beta LLC
S0500,2023-05-15,Widget C,25.0,1,Eve Brown,Widgets,25.0,West,Gamma Inc
S0501,2023-05-16,Gadget A,204.0,4,Alice Johnson,Gadgets,51.0,North,Delta Co.
S0502,2023-05-17,Gadget B,364.0,7,Bob Smith,Gadgets,52.0,South,Epsilon Ltd
S0503,2023-05-18,Gadget C,530.0,10,Cathy Lee,Gadgets,53.0,East,Zeta Group
S0504,2023-05-19,Gadget D,702.0,13,David Kim,Gadgets,54.0,West,Theta Enterprises
S0505,2023-05-20,Widget A,400.0,16,Eve Brown,Widgets,25.0,North,Acme Corp
S0506,2023-05-21,Widget B,494.0,19,Alice Johnson,Widgets,26.0,South,Beta LLC
S0507,2023-05-22,Widget C,54.0,2,Bob Smith,Widgets,27.0,East,Gamma Inc
S0508,2023-05-23,Gadget A,290.0,5,Cathy Lee,Gadgets,58.0,West,Delta Co.
S0509,2023-05-24,Gadget B,472.0,8,David Kim,Gadgets,59.0,North,Epsilon Ltd
S0510,2023-05-25,Gadget C,550.0,11,Eve Brown,Gadgets,50.0,South,Zeta Group
S0511,2023-05-26,Gadget D,714.0,14,Alice Johnson,Gadgets,51.0,East,Theta Enterprises
S0512,2023-05-27,Widget A,459.0,17,Bob Smith,Widgets,27.0,West,Acme Corp
S0513,2023-05-28,Widget B,560.0,20,Cathy Lee,Widgets,28.0,North,Beta LLC
S0514,2023-05-29,Widget C,87.0,3,David Kim,Widgets,29.0,South,Gamma Inc
S0515,2023-05-30,Gadget A,330.0,6,Eve Brown,Gadgets,55.0,East,Delta Co.
S0516,2023-05-31,Gadget B,504.0,9,Alice Johnson,Gadgets,56.0,West,Epsilon Ltd
S0517,2023-06-01,Gadget C,684.0,12,Bob Smith,Gadgets,57.0,North,Zeta Group
S0518,2023-06-02,Gadget D,870.0,15,Cathy Lee,Gadgets,58.0,South,Theta Enterprises
S0519,2023-06-03,Widget A,522.0,18,David Kim,Widgets,29.0,East,Acme Corp
S0520,2023-06-04,Widget B,25.0,1,Eve Brown,Widgets,25.0,West,Beta LLC
S0521,2023-06-05,Widget C,104.0,4,Alice Johnson,Widgets,26.0,North,Gamma Inc
S0522,2023-06-06,Gadget A,364.0,7,Bob Smith,Gadgets,52.0,South,Delta Co.
S0523,2023-06-07,Gadget B,530.0,10,Cathy Lee,Gadgets,53.0,East,Epsilon Ltd
S0524,2023-06-08,Gadget C,702.0,13,David Kim,Gadgets,54.0,West,Zeta Group
S0525,2023-06-09,Gadget D,880.0,16,Eve Brown,Gadgets,55.0,North,Theta Enterprises
S0526,2023-06-10,Widget A,494.0,19,Alice Johnson,Widgets,26.0,South,Acme Corp
S0527,2023-06-11,Widget B,54.0,2,Bob Smith,Widgets,27.0,East,Beta LLC
S0528,2023-06-12,Widget C,140.0,5,Cathy Lee,Widgets,28.0,West,Gamma Inc
S0529,2023-06-13,Gadget A,472.0,8,David Kim,Gadgets,59.0,North,Delta Co.
S0530,2023-06-14,Gadget B,550.0,11,Eve Brown,Gadgets,50.0,South,Epsilon Ltd
S0531,2023-06-15,Gadget C,714.0,14,Alice Johnson,Gadgets,51.0,East,Zeta Group
S0532,2023-06-16,Gadget D,884.0,17,Bob Smith,Gadgets,52.0,West,Theta Enterprises
S0533,2023-06-17,Widget A,560.0,20,Cathy Lee,Widgets,28.0,North,Acme Corp
S0534,2023-06-18,Widget B,87.0,3,David Kim,Widgets,29.0,South,Beta LLC
S0535,2023-06-19,Widget C,150.0,6,Eve Brown,Widgets,25.0,East,Gamma Inc
S0536,2023-06-20,Gadget A,504.0,9,Alice Johnson,Gadgets,56.0,West,Delta Co.
S0537,2023-06-21,Gadget B,684.0,12,Bob Smith,Gadgets,57.0,North,Epsilon Ltd
S0538,2023-06-22,Gadget C,870.0,15,Cathy Lee,Gadgets,58.0,South,Zeta Group
S0539,2023-06-23,Gadget D,1062.0,18,David Kim,Gadgets,59.0,East,Theta Enterprises
S0540,2023-06-24,Widget A,25.0,1,Eve Brown,Widgets,25.0,West,Acme Corp
S0541,2023-06-25,Widget B,104.0,4,Alice Johnson,Widgets,26.0,North,Beta LLC
S0542,2023-06-26,Widget C,189.0,7,Bob Smith,Widgets,27.0,South,Gamma Inc
S0543,2023-06-27,Gadget A,530.0,10,Cathy Lee,Gadgets,53.0,East,Delta Co.
S0544,2023-06-28,Gadget B,702.0,13,David Kim,Gadgets,54.0,West,Epsilon Ltd
S0545,2023-06-29,Gadget C,880.0,16,Eve Brown,Gadgets,55.0,North,Zeta Group
S0546,2023-06-30,Gadget D,1064.0,19,Alice Johnson,Gadgets,56.0,South,Theta Enterprises
S0547,2023-07-01,Widget A,54.0,2,Bob Smith,Widgets,27.0,East,Acme Corp
S0548,2023-07-02,Widget B,140.0,5,Cathy Lee,Widgets,28.0,West,Beta LLC
S0549,2023-07-03,Widget C,232.0,8,David Kim,Widgets,29.0,North,Gamma Inc
S0550,2023-07-04,Gadget A,550.0,11,Eve Brown,Gadgets,50.0,South,Delta Co.
S0551,2023-07-05,Gadget B,714.0,14,Alice Johnson,Gadgets,51.0,East,Epsilon Ltd
S0552,2023-07-06,Gadget C,884.0,17,Bob Smith,Gadgets,52.0,West,Zeta Group
S0553,2023-07-07,Gadget D,1060.0,20,Cathy Lee,Gadgets,53.0,North,Theta Enterprises
S0554,2023-07-08,Widget A,87.0,3,David Kim,Widgets,29.0,South,Acme Corp
S0555,2023-07-09,Widget B,150.0,6,Eve Brown,Widgets,25.0,East,Beta LLC
S0556,2023-07-10,Widget C,234.0,9,Alice Johnson,Widgets,26.0,West,Gamma Inc
S0557,2023-07-11,Gadget A,684.0,12,Bob Smith,Gadgets,57.0,North,Delta Co.
S0558,2023-07-12,Gadget B,870.0,15,Cathy Lee,Gadgets,58.0,South,Epsilon Ltd
S0559,2023-07-13,Gadget C,1062.0,18,David Kim,Gadgets,59.0,East,Zeta Group
S0560,2023-07-14,Gadget D,50.0,1,Eve Brown,Gadgets,50.0,West,Theta Enterprises
S0561,2023-07-15,Widget A,104.0,4,Alice Johnson,Widgets,26.0,North,Acme Corp
S0562,2023-07-16,Widget B,189.0,7,Bob Smith,Widgets,27.0,South,Beta LLC
S0563,2023-07-17,Widget C,280.0,10,Cathy Lee,Widgets,28.0,East,Gamma Inc
S0564,2023-07-18,Gadget A,702.0,13,David Kim,Gadgets,54.0,West,Delta Co.
S0565,2023-07-19,Gadget B,880.0,16,Eve Brown,Gadgets,55.0,North,Epsilon Ltd
S0566,2023-07-20,Gadget C,1064.0,19,Alice Johnson,Gadgets,56.0,South,Zeta Group
S0567,2023-07-21,Gadget D,114.0,2,Bob Smith,Gadgets,57.0,East,Theta Enterprises
S0568,2023-07-22,Widget A,140.0,5,Cathy Lee,Widgets,28.0,West,Acme Corp
S0569,2023-07-23,Widget B,232.0,8,David Kim,Widgets,29.0,North,Beta LLC
S0570,2023-07-24,Widget C,275.0,11,Eve Brown,Widgets,25.0,South,Gamma Inc
S0571,2023-07-25,Gadget A,714.0,14,Alice Johnson,Gadgets,51.0,East,Delta Co.
S0572,2023-07-26,Gadget B,884.0,17,Bob Smith,Gadgets,52.0,West,Epsilon Ltd
S0573,2023-07-27,Gadget C,1060.0,20,Cathy Lee,Gadgets,53.0,North,Zeta Group
S0574,2023-07-28,Gadget D,162.0,3,David Kim,Gadgets,54.0,South,Theta Enterprises
S0575,2023-07-29,Widget A,150.0,6,Eve Brown,Widgets,25.0,East,Acme Corp
S0576,2023-07-30,Widget B,234.0,9,Alice Johnson,Widgets,26.0,West,Beta LLC
S0577,2023-07-31,Widget C,324.0,12,Bob Smith,Widgets,27.0,North,Gamma Inc
S0578,2023-08-01,Gadget A,870.0,15,Cathy Lee,Gadgets,58.0,South,Delta Co.
S0579,2023-08-02,Gadget B,1062.0,18,David Kim,Gadgets,59.0,East,Epsilon Ltd
S0580,2023-08-03,Gadget C,50.0,1,Eve Brown,Gadgets,50.0,West,Zeta Group
S0581,2023-08-04,Gadget D,204.0,4,Alice Johnson,Gadgets,51.0,North,Theta Enterprises
S0582,2023-08-05,Widget A,189.0,7,Bob Smith,Widgets,27.0,South,Acme Corp
S0583,2023-08-06,Widget B,280.0,10,Cathy Lee,Widgets,28.0,East,Beta LLC
S0584,2023-08-07,Widget C,377.0,13,David Kim,Widgets,29.0,West,Gamma Inc
S0585,2023-08-08,Gadget A,880.0,16,Eve Brown,Gadgets,55.0,North,Delta Co.
S0586,2023-08-09,Gadget B,1064.0,19,Alice Johnson,Gadgets,56.0,South,Epsilon Ltd
S0587,2023-08-10,Gadget C,114.0,2,Bob Smith,Gadgets,57.0,East,Zeta Group
S0588,2023-08-11,Gadget D,290.0,5,Cathy Lee,Gadgets,58.0,West,Theta Enterprises
S0589,2023-08-12,Widget A,232.0,8,David Kim,Widgets,29.0,North,Acme Corp
S0590,2023-08-13,Widget B,275.0,11,Eve Brown,Widgets,25.0,South,Beta LLC
S0591,2023-08-14,Widget C,364.0,14,Alice Johnson,Widgets,26.0,East,Gamma Inc
S0592,2023-08-15,Gadget A,884.0,17,Bob Smith,Gadgets,52.0,West,Delta Co.
S0593,2023-08-16,Gadget B,1060.0,20,Cathy Lee,Gadgets,53.0,North,Epsilon Ltd
S0594,2023-08-17,Gadget C,162.0,3,David Kim,Gadgets,54.0,South,Zeta Group
S0595,2023-08-18,Gadget D,330.0,6,Eve Brown,Gadgets,55.0,East,Theta Enterprises
S0596,2023-08-19,Widget A,234.0,9,Alice Johnson,Widgets,26.0,West,Acme Corp
S0597,2023-08-20,Widget B,324.0,12,Bob Smith,Widgets,27.0,North,Beta LLC
S0598,2023-08-21,Widget C,420.0,15,Cathy Lee,Widgets,28.0,South,Gamma Inc
S0599,2023-08-22,Gadget A,1062.0,18,David Kim,Gadgets,59.0,East,Delta Co.
S0600,2023-08-23,Gadget B,50.0,1,Eve Brown,Gadgets,50.0,West,Epsilon Ltd
S0601,2023-08-24,Gadget C,204.0,4,Alice Johnson,Gadgets,51.0,North,Zeta Group
S0602,2023-08-25,Gadget D,364.0,7,Bob Smith,Gadgets,52.0,South,Theta Enterprises
S0603,2023-08-26,Widget A,280.0,10,Cathy Lee,Widgets,28.0,East,Acme Corp
S0604,2023-08-27,Widget B,377.0,13,David Kim,Widgets,29.0,West,Beta LLC
S0605,2023-08-28,Widget C,400.0,16,Eve Brown,Widgets,25.0,North,Gamma Inc
S0606,2023-08-29,Gadget A,1064.0,19,Alice Johnson,Gadgets,56.0,South,Delta Co.
S0607,2023-08-30,Gadget B,114.0,2,Bob Smith,Gadgets,57.0,East,Epsilon Ltd
S0608,2023-08-31,Gadget C,290.0,5,Cathy Lee,Gadgets,58.0,West,Zeta Group
S0609,2023-09-01,Gadget D,472.0,8,David Kim,Gadgets,59.0,North,Theta Enterprises
S0610,2023-09-02,Widget A,275.0,11,Eve Brown,Widgets,25.0,South,Acme Corp
S0611,2023-09-03,Widget B,364.0,14,Alice Johnson,Widgets,26.0,East,Beta LLC
S0612,2023-09-04,Widget C,459.0,17,Bob Smith,Widgets,27.0,West,Gamma Inc
S0613,2023-09-05,Gadget A,1060.0,20,Cathy Lee,Gadgets,53.0,North,Delta Co.
S0614,2023-09-06,Gadget B,162.0,3,David Kim,Gadgets,54.0,South,Epsilon Ltd
S0615,2023-09-07,Gadget C,330.0,6,Eve Brown,Gadgets,55.0,East,Zeta Group
S0616,2023-09-08,Gadget D,504.0,9,Alice Johnson,Gadgets,56.0,West,Theta Enterprises
S0617,2023-09-09,Widget A,324.0,12,Bob Smith,Widgets,27.0,North,Acme Corp
S0618,2023-09-10,Widget B,420.0,15,Cathy Lee,Widgets,28.0,South,Beta LLC
S0619,2023-09-11,Widget C,522.0,18,David Kim,Widgets,29.0,East,Gamma Inc
S0620,2023-09-12,Gadget A,50.0,1,Eve Brown,Gadgets,50.0,West,Delta Co.
S0621,2023-09-13,Gadget B,204.0,4,Alice Johnson,Gadgets,51.0,North,Epsilon Ltd
S0622,2023-09-14,Gadget C,364.0,7,Bob Smith,Gadgets,52.0,South,Zeta Group
S0623,2023-09-15,Gadget D,530.0,10,Cathy Lee,Gadgets,53.0,East,Theta Enterprises
S0624,2023-09-16,Widget A,377.0,13,David Kim,Widgets,29.0,West,Acme Corp
S0625,2023-09-17,Widget B,400.0,16,Eve Brown,Widgets,25.0,North,Beta LLC
S0626,2023-09-18,Widget C,494.0,19,Alice Johnson,Widgets,26.0,South,Gamma Inc
S0627,2023-09-19,Gadget A,114.0,2,Bob Smith,Gadgets,57.0,East,Delta Co.
S0628,2023-09-20,Gadget B,290.0,5,Cathy Lee,Gadgets,58.0,West,Epsilon Ltd
S0629,2023-09-21,Gadget C,472.0,8,David Kim,Gadgets,59.0,North,Zeta Group
S0630,2023-09-22,Gadget D,550.0,11,Eve Brown,Gadgets,50.0,South,Theta Enterprises
S0631,2023-09-23,Widget A,364.0,14,Alice Johnson,Widgets,26.0,East,Acme Corp
S0632,2023-09-24,Widget B,459.0,17,Bob Smith,Widgets,27.0,West,Beta LLC
S0633,2023-09-25,Widget C,560.0,20,Cathy Lee,Widgets,28.0,North,Gamma Inc
S0634,2023-09-26,Gadget A,162.0,3,David Kim,Gadgets,54.0,South,Delta Co.
S0635,2023-09-27,Gadget B,330.0,6,Eve Brown,Gadgets,55.0,East,Epsilon Ltd
S0636,2023-09-28,Gadget C,504.0,9,Alice Johnson,Gadgets,56.0,West,Zeta Group
S0637,2023-09-29,Gadget D,684.0,12,Bob Smith,Gadgets,57.0,North,Theta Enterprises
S0638,2023-09-30,Widget A,420.0,15,Cathy Lee,Widgets,28.0,South,Acme Corp
S0639,2023-10-01,Widget B,522.0,18,David Kim,Widgets,29.0,East,Beta LLC
S0640,2023-10-02,Widget C,25.0,1,Eve Brown,Widgets,25.0,West,Gamma Inc
S0641,2023-10-03,Gadget A,204.0,4,Alice Johnson,Gadgets,51.0,North,Delta Co.
S0642,2023-10-04,Gadget B,364.0,7,Bob Smith,Gadgets,52.0,South,Epsilon Ltd
S0643,2023-10-05,Gadget C,530.0,10,Cathy Lee,Gadgets,53.0,East,Zeta Group
S0644,2023-10-06,Gadget D,702.0,13,David Kim,Gadgets,54.0,West,Theta Enterprises
S0645,2023-10-07,Widget A,400.0,16,Eve Brown,Widgets,25.0,North,Acme Corp
S0646,2023-10-08,Widget B,494.0,19,Alice Johnson,Widgets,26.0,South,Beta LLC
S0647,2023-10-09,Widget C,54.0,2,Bob Smith,Widgets,27.0,East,Gamma Inc
S0648,2023-10-10,Gadget A,290.0,5,Cathy Lee,Gadgets,58.0,West,Delta Co.
S0649,2023-10-11,Gadget B,472.0,8,David Kim,Gadgets,59.0,North,Epsilon Ltd
S0650,2023-10-12,Gadget C,550.0,11,Eve Brown,Gadgets,50.0,South,Zeta Group
S0651,2023-10-13,Gadget D,714.0,14,Alice Johnson,Gadgets,51.0,East,Theta Enterprises
S0652,2023-10-14,Widget A,459.0,17,Bob Smith,Widgets,27.0,West,Acme Corp
S0653,2023-10-15,Widget B,560.0,20,Cathy Lee,Widgets,28.0,North,Beta LLC
S0654,2023-10-16,Widget C,87.0,3,David Kim,Widgets,29.0,South,Gamma Inc
S0655,2023-10-17,Gadget A,330.0,6,Eve Brown,Gadgets,55.0,East,Delta Co.
S0656,2023-10-18,Gadget B,504.0,9,Alice Johnson,Gadgets,56.0,West,Epsilon Ltd
S0657,2023-10-19,Gadget C,684.0,12,Bob Smith,Gadgets,57.0,North,Zeta Group
S0658,2023-10-20,Gadget D,870.0,15,Cathy Lee,Gadgets,58.0,South,Theta Enterprises
S0659,2023-10-21,Widget A,522.0,18,David Kim,Widgets,29.0,East,Acme Corp
S0660,2023-10-22,Widget B,25.0,1,Eve Brown,Widgets,25.0,West,Beta LLC
S0661,2023-10-23,Widget C,104.0,4,Alice Johnson,Widgets,26.0,North,Gamma Inc
S0662,2023-10-24,Gadget A,364.0,7,Bob Smith,Gadgets,52.0,South,Delta Co.
S0663,2023-10-25,Gadget B,530.0,10,Cathy Lee,Gadgets,53.0,East,Epsilon Ltd
S0664,2023-10-26,Gadget C,702.0,13,David Kim,Gadgets,54.0,West,Zeta Group
S0665,2023-10-27,Gadget D,880.0,16,Eve Brown,Gadgets,55.0,North,Theta Enterprises
S0666,2023-10-28,Widget A,494.0,19,Alice Johnson,Widgets,26.0,South,Acme Corp
S0667,2023-10-29,Widget B,54.0,2,Bob Smith,Widgets,27.0,East,Beta LLC
S0668,2023-10-30,Widget C,140.0,5,Cathy Lee,Widgets,28.0,West,Gamma Inc
S0669,2023-10-31,Gadget A,472.0,8,David Kim,Gadgets,59.0,North,Delta Co.
S0670,2023-11-01,Gadget B,550.0,11,Eve Brown,Gadgets,50.0,South,Epsilon Ltd
S0671,2023-11-02,Gadget C,714.0,14,Alice Johnson,Gadgets,51.0,East,Zeta Group
S0672,2023-11-03,Gadget D,884.0,17,Bob Smith,Gadgets,52.0,West,Theta Enterprises
S0673,2023-11-04,Widget A,560.0,20,Cathy Lee,Widgets,28.0,North,Acme Corp
S0674,2023-11-05,Widget B,87.0,3,David Kim,Widgets,29.0,South,Beta LLC
S0675,2023-11-06,Widget C,150.0,6,Eve Brown,Widgets,25.0,East,Gamma Inc
S0676,2023-11-07,Gadget A,504.0,9,Alice Johnson,Gadgets,56.0,West,Delta Co.
S0677,2023-11-08,Gadget B,684.0,12,Bob Smith,Gadgets,57.0,North,Epsilon Ltd
S0678,2023-11-09,Gadget C,870.0,15,Cathy Lee,Gadgets,58.0,South,Zeta Group
S0679,2023-11-10,Gadget D,1062.0,18,David Kim,Gadgets,59.0,East,Theta Enterprises
S0680,2023-11-11,Widget A,25.0,1,Eve Brown,Widgets,25.0,West,Acme Corp
S0681,2023-11-12,Widget B,104.0,4,Alice Johnson,Widgets,26.0,North,Beta LLC
S0682,2023-11-13,Widget C,189.0,7,Bob Smith,Widgets,27.0,South,Gamma Inc
S0683,2023-11-14,Gadget A,530.0,10,Cathy Lee,Gadgets,53.0,East,Delta Co.
S0684,2023-11-15,Gadget B,702.0,13,David Kim,Gadgets,54.0,West,Epsilon Ltd
S0685,2023-11-16,Gadget C,880.0,16,Eve Brown,Gadgets,55.0,North,Zeta Group
S0686,2023-11-17,Gadget D,1064.0,19,Alice Johnson,Gadgets,56.0,South,Theta Enterprises
S0687,2023-11-18,Widget A,54.0,2,Bob Smith,Widgets,27.0,East,Acme Corp
S0688,2023-11-19,Widget B,140.0,5,Cathy Lee,Widgets,28.0,West,Beta LLC
S0689,2023-11-20,Widget C,232.0,8,David Kim,Widgets,29.0,North,Gamma Inc
S0690,2023-11-21,Gadget A,550.0,11,Eve Brown,Gadgets,50.0,South,Delta Co.
S0691,2023-11-22,Gadget B,714.0,14,Alice Johnson,Gadgets,51.0,East,Epsilon Ltd
S0692,2023-11-23,Gadget C,884.0,17,Bob Smith,Gadgets,52.0,West,Zeta Group
S0693,2023-11-24,Gadget D,1060.0,20,Cathy Lee,Gadgets,53.0,North,Theta Enterprises
S0694,2023-11-25,Widget A,87.0,3,David Kim,Widgets,29.0,South,Acme Corp
S0695,2023-11-26,Widget B,150.0,6,Eve Brown,Widgets,25.0,East,Beta LLC
S0696,2023-11-27,Widget C,234.0,9,Alice Johnson,Widgets,26.0,West,Gamma Inc
S0697,2023-11-28,Gadget A,684.0,12,Bob Smith,Gadgets,57.0,North,Delta Co.
S0698,2023-11-29,Gadget B,870.0,15,Cathy Lee,Gadgets,58.0,South,Epsilon Ltd
S0699,2023-11-30,Gadget C,1062.0,18,David Kim,Gadgets,59.0,East,Zeta Group
S0700,2023-12-01,Gadget D,50.0,1,Eve Brown,Gadgets,50.0,West,Theta Enterprises
S0701,2023-12-02,Widget A,104.0,4,Alice Johnson,Widgets,26.0,North,Acme Corp
S0702,2023-12-03,Widget B,189.0,7,Bob Smith,Widgets,27.0,South,Beta LLC
S0703,2023-12-04,Widget C,280.0,10,Cathy Lee,Widgets,28.0,East,Gamma Inc
S0704,2023-12-05,Gadget A,702.0,13,David Kim,Gadgets,54.0,West,Delta Co.
S0705,2023-12-06,Gadget B,880.0,16,Eve Brown,Gadgets,55.0,North,Epsilon Ltd
S0706,2023-12-07,Gadget C,1064.0,19,Alice Johnson,Gadgets,56.0,South,Zeta Group
S0707,2023-12-08,Gadget D,114.0,2,Bob Smith,Gadgets,57.0,East,Theta Enterprises
S0708,2023-12-09,Widget A,140.0,5,Cathy Lee,Widgets,28.0,West,Acme Corp
S0709,2023-12-10,Widget B,232.0,8,David Kim,Widgets,29.0,North,Beta LLC
S0710,2023-12-11,Widget C,275.0,11,Eve Brown,Widgets,25.0,South,Gamma Inc
S0711,2023-12-12,Gadget A,714.0,14,Alice Johnson,Gadgets,51.0,East,Delta Co.
S0712,2023-12-13,Gadget B,884.0,17,Bob Smith,Gadgets,52.0,West,Epsilon Ltd
S0713,2023-12-14,Gadget C,1060.0,20,Cathy Lee,Gadgets,53.0,North,Zeta Group
S0714,2023-12-15,Gadget D,162.0,3,David Kim,Gadgets,54.0,South,Theta Enterprises
S0715,2023-12-16,Widget A,150.0,6,Eve Brown,Widgets,25.0,East,Acme Corp
S0716,2023-12-17,Widget B,234.0,9,Alice Johnson,Widgets,26.0,West,Beta LLC
S0717,2023-12-18,Widget C,324.0,12,Bob Smith,Widgets,27.0,North,Gamma Inc
S0718,2023-12-19,Gadget A,870.0,15,Cathy Lee,Gadgets,58.0,South,Delta Co.
S0719,2023-12-20,Gadget B,1062.0,18,David Kim,Gadgets,59.0,East,Epsilon Ltd
S0720,2023-12-21,Gadget C,50.0,1,Eve Brown,Gadgets,50.0,West,Zeta Group
S0721,2023-12-22,Gadget D,204.0,4,Alice Johnson,Gadgets,51.0,North,Theta Enterprises
S0722,2023-12-23,Widget A,189.0,7,Bob Smith,Widgets,27.0,South,Acme Corp
S0723,2023-12-24,Widget B,280.0,10,Cathy Lee,Widgets,28.0,East,Beta LLC
S0724,2023-12-25,Widget C,377.0,13,David Kim,Widgets,29.0,West,Gamma Inc
S0725,2023-12-26,Gadget A,880.0,16,Eve Brown,Gadgets,55.0,North,Delta Co.
S0726,2023-12-27,Gadget B,1064.0,19,Alice Johnson,Gadgets,56.0,South,Epsilon Ltd
S0727,2023-12-28,Gadget C,114.0,2,Bob Smith,Gadgets,57.0,East,Zeta Group
S0728,2023-12-29,Gadget D,290.0,5,Cathy Lee,Gadgets,58.0,West,Theta Enterprises
S0729,2023-12-30,Widget A,232.0,8,David Kim,Widgets,29.0,North,Acme Corp
S0730,2023-12-31,Widget B,275.0,11,Eve Brown,Widgets,25.0,South,Beta LLC
S0731,2023-01-01,Widget C,364.0,14,Alice Johnson,Widgets,26.0,East,Gamma Inc
S0732,2023-01-02,Gadget A,884.0,17,Bob Smith,Gadgets,52.0,West,Delta Co.
S0733,2023-01-03,Gadget B,1060.0,20,Cathy Lee,Gadgets,53.0,North,Epsilon Ltd
S0734,2023-01-04,Gadget C,162.0,3,David Kim,Gadgets,54.0,South,Zeta Group
S0735,2023-01-05,Gadget D,330.0,6,Eve Brown,Gadgets,55.0,East,Theta Enterprises
S0736,2023-01-06,Widget A,234.0,9,Alice Johnson,Widgets,26.0,West,Acme Corp
S0737,2023-01-07,Widget B,324.0,12,Bob Smith,Widgets,27.0,North,Beta LLC
S0738,2023-01-08,Widget C,420.0,15,Cathy Lee,Widgets,28.0,South,Gamma Inc
S0739,2023-01-09,Gadget A,1062.0,18,David Kim,Gadgets,59.0,East,Delta Co.
S0740,2023-01-10,Gadget B,50.0,1,Eve Brown,Gadgets,50.0,West,Epsilon Ltd
S0741,2023-01-11,Gadget C,204.0,4,Alice Johnson,Gadgets,51.0,North,Zeta Group
S0742,2023-01-12,Gadget D,364.0,7,Bob Smith,Gadgets,52.0,South,Theta Enterprises
S0743,2023-01-13,Widget A,280.0,10,Cathy Lee,Widgets,28.0,East,Acme Corp
S0744,2023-01-14,Widget B,377.0,13,David Kim,Widgets,29.0,West,Beta LLC
S0745,2023-01-15,Widget C,400.0,16,Eve Brown,Widgets,25.0,North,Gamma Inc
S0746,2023-01-16,Gadget A,1064.0,19,Alice Johnson,Gadgets,56.0,South,Delta Co.
S0747,2023-01-17,Gadget B,114.0,2,Bob Smith,Gadgets,57.0,East,Epsilon Ltd
S0748,2023-01-18,Gadget C,290.0,5,Cathy Lee,Gadgets,58.0,West,Zeta Group
S0749,2023-01-19,Gadget D,472.0,8,David Kim,Gadgets,59.0,North,Theta Enterprises
S0750,2023-01-20,Widget A,275.0,11,Eve Brown,Widgets,25.0,South,Acme Corp
S0751,2023-01-21,Widget B,364.0,14,Alice Johnson,Widgets,26.0,East,Beta LLC
S0752,2023-01-22,Widget C,459.0,17,Bob Smith,Widgets,27.0,West,Gamma Inc
S0753,2023-01-23,Gadget A,1060.0,20,Cathy Lee,Gadgets,53.0,North,Delta Co.
S0754,2023-01-24,Gadget B,162.0,3,David Kim,Gadgets,54.0,South,Epsilon Ltd
S0755,2023-01-25,Gadget C,330.0,6,Eve Brown,Gadgets,55.0,East,Zeta Group
S0756,2023-01-26,Gadget D,504.0,9,Alice Johnson,Gadgets,56.0,West,Theta Enterprises
S0757,2023-01-27,Widget A,324.0,12,Bob Smith,Widgets,27.0,North,Acme Corp
S0758,2023-01-28,Widget B,420.0,15,Cathy Lee,Widgets,28.0,South,Beta LLC
S0759,2023-01-29,Widget C,522.0,18,David Kim,Widgets,29.0,East,Gamma Inc
S0760,2023-01-30,Gadget A,50.0,1,Eve Brown,Gadgets,50.0,West,Delta Co.
S0761,2023-01-31,Gadget B,204.0,4,Alice Johnson,Gadgets,51.0,North,Epsilon Ltd
S0762,2023-02-01,Gadget C,364.0,7,Bob Smith,Gadgets,52.0,South,Zeta Group
S0763,2023-02-02,Gadget D,530.0,10,Cathy Lee,Gadgets,53.0,East,Theta Enterprises
S0764,2023-02-03,Widget A,377.0,13,David Kim,Widgets,29.0,West,Acme Corp
S0765,2023-02-04,Widget B,400.0,16,Eve Brown,Widgets,25.0,North,Beta LLC
S0766,2023-02-05,Widget C,494.0,19,Alice Johnson,Widgets,26.0,South,Gamma Inc
S0767,2023-02-06,Gadget A,114.0,2,Bob Smith,Gadgets,57.0,East,Delta Co.
S0768,2023-02-07,Gadget B,290.0,5,Cathy Lee,Gadgets,58.0,West,Epsilon Ltd
S0769,2023-02-08,Gadget C,472.0,8,David Kim,Gadgets,59.0,North,Zeta Group
S0770,2023-02-09,Gadget D,550.0,11,Eve Brown,Gadgets,50.0,South,Theta Enterprises
S0771,2023-02-10,Widget A,364.0,14,Alice Johnson,Widgets,26.0,East,Acme Corp
S0772,2023-02-11,Widget B,459.0,17,Bob Smith,Widgets,27.0,West,Beta LLC
S0773,2023-02-12,Widget C,560.0,20,Cathy Lee,Widgets,28.0,North,Gamma Inc
S0774,2023-02-13,Gadget A,162.0,3,David Kim,Gadgets,54.0,South,Delta Co.
S0775,2023-02-14,Gadget B,330.0,6,Eve Brown,Gadgets,55.0,East,Epsilon Ltd
S0776,2023-02-15,Gadget C,504.0,9,Alice Johnson,Gadgets,56.0,West,Zeta Group
S0777,2023-02-16,Gadget D,684.0,12,Bob Smith,Gadgets,57.0,North,Theta Enterprises
S0778,2023-02-17,Widget A,420.0,15,Cathy Lee,Widgets,28.0,South,Acme Corp
S0779,2023-02-18,Widget B,522.0,18,David Kim,Widgets,29.0,East,Beta LLC
S0780,2023-02-19,Widget C,25.0,1,Eve Brown,Widgets,25.0,West,Gamma Inc
S0781,2023-02-20,Gadget A,204.0,4,Alice Johnson,Gadgets,51.0,North,Delta Co.
S0782,2023-02-21,Gadget B,364.0,7,Bob Smith,Gadgets,52.0,South,Epsilon Ltd
S0783,2023-02-22,Gadget C,530.0,10,Cathy Lee,Gadgets,53.0,East,Zeta Group
S0784,2023-02-23,Gadget D,702.0,13,David Kim,Gadgets,54.0,West,Theta Enterprises
S0785,2023-02-24,Widget A,400.0,16,Eve Brown,Widgets,25.0,North,Acme Corp
S0786,2023-02-25,Widget B,494.0,19,Alice Johnson,Widgets,26.0,South,Beta LLC
S0787,2023-02-26,Widget C,54.0,2,Bob Smith,Widgets,27.0,East,Gamma Inc
S0788,2023-02-27,Gadget A,290.0,5,Cathy Lee,Gadgets,58.0,West,Delta Co.
S0789,2023-02-28,Gadget B,472.0,8,David Kim,Gadgets,59.0,North,Epsilon Ltd
S0790,2023-03-01,Gadget C,550.0,11,Eve Brown,Gadgets,50.0,South,Zeta Group
S0791,2023-03-02,Gadget D,714.0,14,Alice Johnson,Gadgets,51.0,East,Theta Enterprises
S0792,2023-03-03,Widget A,459.0,17,Bob Smith,Widgets,27.0,West,Acme Corp
S0793,2023-03-04,Widget B,560.0,20,Cathy Lee,Widgets,28.0,North,Beta LLC
S0794,2023-03-05,Widget C,87.0,3,David Kim,Widgets,29.0,South,Gamma Inc
S0795,2023-03-06,Gadget A,330.0,6,Eve Brown,Gadgets,55.0,East,Delta Co.
S0796,2023-03-07,Gadget B,504.0,9,Alice Johnson,Gadgets,56.0,West,Epsilon Ltd
S0797,2023-03-08,Gadget C,684.0,12,Bob Smith,Gadgets,57.0,North,Zeta Group
S0798,2023-03-09,Gadget D,870.0,15,Cathy Lee,Gadgets,58.0,South,Theta Enterprises
S0799,2023-03-10,Widget A,522.0,18,David Kim,Widgets,29.0,East,Acme Corp
S0800,2023-03-11,Widget B,25.0,1,Eve Brown,Widgets,25.0,West,Beta LLC
S0801,2023-03-12,Widget C,104.0,4,Alice Johnson,Widgets,26.0,North,Gamma Inc
S0802,2023-03-13,Gadget A,364.0,7,Bob Smith,Gadgets,52.0,South,Delta Co.
S0803,2023-03-14,Gadget B,530.0,10,Cathy Lee,Gadgets,53.0,East,Epsilon Ltd
S0804,2023-03-15,Gadget C,702.0,13,David Kim,Gadgets,54.0,West,Zeta Group
S0805,2023-03-16,Gadget D,880.0,16,Eve Brown,Gadgets,55.0,North,Theta Enterprises
S0806,2023-03-17,Widget A,494.0,19,Alice Johnson,Widgets,26.0,South,Acme Corp
S0807,2023-03-18,Widget B,54.0,2,Bob Smith,Widgets,27.0,East,Beta LLC
S0808,2023-03-19,Widget C,140.0,5,Cathy Lee,Widgets,28.0,West,Gamma Inc
S0809,2023-03-20,Gadget A,472.0,8,David Kim,Gadgets,59.0,North,Delta Co.
S0810,2023-03-21,Gadget B,550.0,11,Eve Brown,Gadgets,50.0,South,Epsilon Ltd
S0811,2023-03-22,Gadget C,714.0,14,Alice Johnson,Gadgets,51.0,East,Zeta Group
S0812,2023-03-23,Gadget D,884.0,17,Bob Smith,Gadgets,52.0,West,Theta Enterprises
S0813,2023-03-24,Widget A,560.0,20,Cathy Lee,Widgets,28.0,North,Acme Corp
S0814,2023-03-25,Widget B,87.0,3,David Kim,Widgets,29.0,South,Beta LLC
S0815,2023-03-26,Widget C,150.0,6,Eve Brown,Widgets,25.0,East,Gamma Inc
S0816,2023-03-27,Gadget A,504.0,9,Alice Johnson,Gadgets,56.0,West,Delta Co.
S0817,2023-03-28,Gadget B,684.0,12,Bob Smith,Gadgets,57.0,North,Epsilon Ltd
S0818,2023-03-29,Gadget C,870.0,15,Cathy Lee,Gadgets,58.0,South,Zeta Group
S0819,2023-03-30,Gadget D,1062.0,18,David Kim,Gadgets,59.0,East,Theta Enterprises
S0820,2023-03-31,Widget A,25.0,1,Eve Brown,Widgets,25.0,West,Acme Corp
S0821,2023-04-01,Widget B,104.0,4,Alice Johnson,Widgets,26.0,North,Beta LLC
S0822,2023-04-02,Widget C,189.0,7,Bob Smith,Widgets,27.0,South,Gamma Inc
S0823,2023-04-03,Gadget A,530.0,10,Cathy Lee,Gadgets,53.0,East,Delta Co.
S0824,2023-04-04,Gadget B,702.0,13,David Kim,Gadgets,54.0,West,Epsilon Ltd
S0825,2023-04-05,Gadget C,880.0,16,Eve Brown,Gadgets,55.0,North,Zeta Group
S0826,2023-04-06,Gadget D,1064.0,19,Alice Johnson,Gadgets,56.0,South,Theta Enterprises
S0827,2023-04-07,Widget A,54.0,2,Bob Smith,Widgets,27.0,East,Acme Corp
S0828,2023-04-08,Widget B,140.0,5,Cathy Lee,Widgets,28.0,West,Beta LLC
S0829,2023-04-09,Widget C,232.0,8,David Kim,Widgets,29.0,North,Gamma Inc
S0830,2023-04-10,Gadget A,550.0,11,Eve Brown,Gadgets,50.0,South,Delta Co.
S0831,2023-04-11,Gadget B,714.0,14,Alice Johnson,Gadgets,51.0,East,Epsilon Ltd
S0832,2023-04-12,Gadget C,884.0,17,Bob Smith,Gadgets,52.0,West,Zeta Group
S0833,2023-04-13,Gadget D,1060.0,20,Cathy Lee,Gadgets,53.0,North,Theta Enterprises
S0834,2023-04-14,Widget A,87.0,3,David Kim,Widgets,29.0,South,Acme Corp
S0835,2023-04-15,Widget B,150.0,6,Eve Brown,Widgets,25.0,East,Beta LLC
S0836,2023-04-16,Widget C,234.0,9,Alice Johnson,Widgets,26.0,West,Gamma Inc
S0837,2023-04-17,Gadget A,684.0,12,Bob Smith,Gadgets,57.0,North,Delta Co.
S0838,2023-04-18,Gadget B,870.0,15,Cathy Lee,Gadgets,58.0,South,Epsilon Ltd
S0839,2023-04-19,Gadget C,1062.0,18,David Kim,Gadgets,59.0,East,Zeta Group
S0840,2023-04-20,Gadget D,50.0,1,Eve Brown,Gadgets,50.0,West,Theta Enterprises
S0841,2023-04-21,Widget A,104.0,4,Alice Johnson,Widgets,26.0,North,Acme Corp
S0842,2023-04-22,Widget B,189.0,7,Bob Smith,Widgets,27.0,South,Beta LLC
S0843,2023-04-23,Widget C,280.0,10,Cathy Lee,Widgets,28.0,East,Gamma Inc
S0844,2023-04-24,Gadget A,702.0,13,David Kim,Gadgets,54.0,West,Delta Co.
S0845,2023-04-25,Gadget B,880.0,16,Eve Brown,Gadgets,55.0,North,Epsilon Ltd
S0846,2023-04-26,Gadget C,1064.0,19,Alice Johnson,Gadgets,56.0,South,Zeta Group
S0847,2023-04-27,Gadget D,114.0,2,Bob Smith,Gadgets,57.0,East,Theta Enterprises
S0848,2023-04-28,Widget A,140.0,5,Cathy Lee,Widgets,28.0,West,Acme Corp
S0849,2023-04-29,Widget B,232.0,8,David Kim,Widgets,29.0,North,Beta LLC
S0850,2023-04-30,Widget C,275.0,11,Eve Brown,Widgets,25.0,South,Gamma Inc
S0851,2023-05-01,Gadget A,714.0,14,Alice Johnson,Gadgets,51.0,East,Delta Co.
S0852,2023-05-02,Gadget B,884.0,17,Bob Smith,Gadgets,52.0,West,Epsilon Ltd
S0853,2023-05-03,Gadget C,1060.0,20,Cathy Lee,Gadgets,53.0,North,Zeta Group
S0854,2023-05-04,Gadget D,162.0,3,David Kim,Gadgets,54.0,South,Theta Enterprises
S0855,2023-05-05,Widget A,150.0,6,Eve Brown,Widgets,25.0,East,Acme Corp
S0856,2023-05-06,Widget B,234.0,9,Alice Johnson,Widgets,26.0,West,Beta LLC
S0857,2023-05-07,Widget C,324.0,12,Bob Smith,Widgets,27.0,North,Gamma Inc
S0858,2023-05-08,Gadget A,870.0,15,Cathy Lee,Gadgets,58.0,South,Delta Co.
S0859,2023-05-09,Gadget B,1062.0,18,David Kim,Gadgets,59.0,East,Epsilon Ltd
S0860,2023-05-10,Gadget C,50.0,1,Eve Brown,Gadgets,50.0,West,Zeta Group
S0861,2023-05-11,Gadget D,204.0,4,Alice Johnson,Gadgets,51.0,North,Theta Enterprises
S0862,2023-05-12,Widget A,189.0,7,Bob Smith,Widgets,27.0,South,Acme Corp
S0863,2023-05-13,Widget B,280.0,10,Cathy Lee,Widgets,28.0,East,Beta LLC
S0864,2023-05-14,Widget C,377.0,13,David Kim,Widgets,29.0,West,Gamma Inc
S0865,2023-05-15,Gadget A,880.0,16,Eve Brown,Gadgets,55.0,North,Delta Co.
S0866,2023-05-16,Gadget B,1064.0,19,Alice Johnson,Gadgets,56.0,South,Epsilon Ltd
S0867,2023-05-17,Gadget C,114.0,2,Bob Smith,Gadgets,57.0,East,Zeta Group
S0868,2023-05-18,Gadget D,290.0,5,Cathy Lee,Gadgets,58.0,West,Theta Enterprises
S0869,2023-05-19,Widget A,232.0,8,David Kim,Widgets,29.0,North,Acme Corp
S0870,2023-05-20,Widget B,275.0,11,Eve Brown,Widgets,25.0,South,Beta LLC
S0871,2023-05-21,Widget C,364.0,14,Alice Johnson,Widgets,26.0,East,Gamma Inc
S0872,2023-05-22,Gadget A,884.0,17,Bob Smith,Gadgets,52.0,West,Delta Co.
S0873,2023-05-23,Gadget B,1060.0,20,Cathy Lee,Gadgets,53.0,North,Epsilon Ltd
S0874,2023-05-24,Gadget C,162.0,3,David Kim,Gadgets,54.0,South,Zeta Group
S0875,2023-05-25,Gadget D,330.0,6,Eve Brown,Gadgets,55.0,East,Theta Enterprises
S0876,2023-05-26,Widget A,234.0,9,Alice Johnson,Widgets,26.0,West,Acme Corp
S0877,2023-05-27,Widget B,324.0,12,Bob Smith,Widgets,27.0,North,Beta LLC
S0878,2023-05-28,Widget C,420.0,15,Cathy Lee,Widgets,28.0,South,Gamma Inc
S0879,2023-05-29,Gadget A,1062.0,18,David Kim,Gadgets,59.0,East,Delta Co.
S0880,2023-05-30,Gadget B,50.0,1,Eve Brown,Gadgets,50.0,West,Epsilon Ltd
S0881,2023-05-31,Gadget C,204.0,4,Alice Johnson,Gadgets,51.0,North,Zeta Group
S0882,2023-06-01,Gadget D,364.0,7,Bob Smith,Gadgets,52.0,South,Theta Enterprises
S0883,2023-06-02,Widget A,280.0,10,Cathy Lee,Widgets,28.0,East,Acme Corp
S0884,2023-06-03,Widget B,377.0,13,David Kim,Widgets,29.0,West,Beta LLC
S0885,2023-06-04,Widget C,400.0,16,Eve Brown,Widgets,25.0,North,Gamma Inc
S0886,2023-06-05,Gadget A,1064.0,19,Alice Johnson,Gadgets,56.0,South,Delta Co.
S0887,2023-06-06,Gadget B,114.0,2,Bob Smith,Gadgets,57.0,East,Epsilon Ltd
S0888,2023-06-07,Gadget C,290.0,5,Cathy Lee,Gadgets,58.0,West,Zeta Group
S0889,2023-06-08,Gadget D,472.0,8,David Kim,Gadgets,59.0,North,Theta Enterprises
S0890,2023-06-09,Widget A,275.0,11,Eve Brown,Widgets,25.0,South,Acme Corp
S0891,2023-06-10,Widget B,364.0,14,Alice Johnson,Widgets,26.0,East,Beta LLC
S0892,2023-06-11,Widget C,459.0,17,Bob Smith,Widgets,27.0,West,Gamma Inc
S0893,2023-06-12,Gadget A,1060.0,20,Cathy Lee,Gadgets,53.0,North,Delta Co.
S0894,2023-06-13,Gadget B,162.0,3,David Kim,Gadgets,54.0,South,Epsilon Ltd
S0895,2023-06-14,Gadget C,330.0,6,Eve Brown,Gadgets,55.0,East,Zeta Group
S0896,2023-06-15,Gadget D,504.0,9,Alice Johnson,Gadgets,56.0,West,Theta Enterprises
S0897,2023-06-16,Widget A,324.0,12,Bob Smith,Widgets,27.0,North,Acme Corp
S0898,2023-06-17,Widget B,420.0,15,Cathy Lee,Widgets,28.0,South,Beta LLC
S0899,2023-06-18,Widget C,522.0,18,David Kim,Widgets,29.0,East,Gamma Inc
S0900,2023-06-19,Gadget A,50.0,1,Eve Brown,Gadgets,50.0,West,Delta Co.
S0901,2023-06-20,Gadget B,204.0,4,Alice Johnson,Gadgets,51.0,North,Epsilon Ltd
S0902,2023-06-21,Gadget C,364.0,7,Bob Smith,Gadgets,52.0,South,Zeta Group
S0903,2023-06-22,Gadget D,530.0,10,Cathy Lee,Gadgets,53.0,East,Theta Enterprises
S0904,2023-06-23,Widget A,377.0,13,David Kim,Widgets,29.0,West,Acme Corp
S0905,2023-06-24,Widget B,400.0,16,Eve Brown,Widgets,25.0,North,Beta LLC
S0906,2023-06-25,Widget C,494.0,19,Alice Johnson,Widgets,26.0,South,Gamma Inc
S0907,2023-06-26,Gadget A,114.0,2,Bob Smith,Gadgets,57.0,East,Delta Co.
S0908,2023-06-27,Gadget B,290.0,5,Cathy Lee,Gadgets,58.0,West,Epsilon Ltd
S0909,2023-06-28,Gadget C,472.0,8,David Kim,Gadgets,59.0,North,Zeta Group
S0910,2023-06-29,Gadget D,550.0,11,Eve Brown,Gadgets,50.0,South,Theta Enterprises
S0911,2023-06-30,Widget A,364.0,14,Alice Johnson,Widgets,26.0,East,Acme Corp
S0912,2023-07-01,Widget B,459.0,17,Bob Smith,Widgets,27.0,West,Beta LLC
S0913,2023-07-02,Widget C,560.0,20,Cathy Lee,Widgets,28.0,North,Gamma Inc
S0914,2023-07-03,Gadget A,162.0,3,David Kim,Gadgets,54.0,South,Delta Co.
S0915,2023-07-04,Gadget B,330.0,6,Eve Brown,Gadgets,55.0,East,Epsilon Ltd
S0916,2023-07-05,Gadget C,504.0,9,Alice Johnson,Gadgets,56.0,West,Zeta Group
S0917,2023-07-06,Gadget D,684.0,12,Bob Smith,Gadgets,57.0,North,Theta Enterprises
S0918,2023-07-07,Widget A,420.0,15,Cathy Lee,Widgets,28.0,South,Acme Corp
S0919,2023-07-08,Widget B,522.0,18,David Kim,Widgets,29.0,East,Beta LLC
S0920,2023-07-09,Widget C,25.0,1,Eve Brown,Widgets,25.0,West,Gamma Inc
S0921,2023-07-10,Gadget A,204.0,4,Alice Johnson,Gadgets,51.0,North,Delta Co.
S0922,2023-07-11,Gadget B,364.0,7,Bob Smith,Gadgets,52.0,South,Epsilon Ltd
S0923,2023-07-12,Gadget C,530.0,10,Cathy Lee,Gadgets,53.0,East,Zeta Group
S0924,2023-07-13,Gadget D,702.0,13,David Kim,Gadgets,54.0,West,Theta Enterprises
S0925,2023-07-14,Widget A,400.0,16,Eve Brown,Widgets,25.0,North,Acme Corp
S0926,2023-07-15,Widget B,494.0,19,Alice Johnson,Widgets,26.0,South,Beta LLC
S0927,2023-07-16,Widget C,54.0,2,Bob Smith,Widgets,27.0,East,Gamma Inc
S0928,2023-07-17,Gadget A,290.0,5,Cathy Lee,Gadgets,58.0,West,Delta Co.
S0929,2023-07-18,Gadget B,472.0,8,David Kim,Gadgets,59.0,North,Epsilon Ltd
S0930,2023-07-19,Gadget C,550.0,11,Eve Brown,Gadgets,50.0,South,Zeta Group
S0931,2023-07-20,Gadget D,714.0,14,Alice Johnson,Gadgets,51.0,East,Theta Enterprises
S0932,2023-07-21,Widget A,459.0,17,Bob Smith,Widgets,27.0,West,Acme Corp
S0933,2023-07-22,Widget B,560.0,20,Cathy Lee,Widgets,28.0,North,Beta LLC
S0934,2023-07-23,Widget C,87.0,3,David Kim,Widgets,29.0,South,Gamma Inc
S0935,2023-07-24,Gadget A,330.0,6,Eve Brown,Gadgets,55.0,East,Delta Co.
S0936,2023-07-25,Gadget B,504.0,9,Alice Johnson,Gadgets,56.0,West,Epsilon Ltd
S0937,2023-07-26,Gadget C,684.0,12,Bob Smith,Gadgets,57.0,North,Zeta Group
S0938,2023-07-27,Gadget D,870.0,15,Cathy Lee,Gadgets,58.0,South,Theta Enterprises
S0939,2023-07-28,Widget A,522.0,18,David Kim,Widgets,29.0,East,Acme Corp
S0940,2023-07-29,Widget B,25.0,1,Eve Brown,Widgets,25.0,West,Beta LLC
S0941,2023-07-30,Widget C,104.0,4,Alice Johnson,Widgets,26.0,North,Gamma Inc
S0942,2023-07-31,Gadget A,364.0,7,Bob Smith,Gadgets,52.0,South,Delta Co.
S0943,2023-08-01,Gadget B,530.0,10,Cathy Lee,Gadgets,53.0,East,Epsilon Ltd
S0944,2023-08-02,Gadget C,702.0,13,David Kim,Gadgets,54.0,West,Zeta Group
S0945,2023-08-03,Gadget D,880.0,16,Eve Brown,Gadgets,55.0,North,Theta Enterprises
S0946,2023-08-04,Widget A,494.0,19,Alice Johnson,Widgets,26.0,South,Acme Corp
S0947,2023-08-05,Widget B,54.0,2,Bob Smith,Widgets,27.0,East,Beta LLC
S0948,2023-08-06,Widget C,140.0,5,Cathy Lee,Widgets,28.0,West,Gamma Inc
S0949,2023-08-07,Gadget A,472.0,8,David Kim,Gadgets,59.0,North,Delta Co.
S0950,2023-08-08,Gadget B,550.0,11,Eve Brown,Gadgets,50.0,South,Epsilon Ltd
S0951,2023-08-09,Gadget C,714.0,14,Alice Johnson,Gadgets,51.0,East,Zeta Group
S0952,2023-08-10,Gadget D,884.0,17,Bob Smith,Gadgets,52.0,West,Theta Enterprises
S0953,2023-08-11,Widget A,560.0,20,Cathy Lee,Widgets,28.0,North,Acme Corp
S0954,2023-08-12,Widget B,87.0,3,David Kim,Widgets,29.0,South,Beta LLC
S0955,2023-08-13,Widget C,150.0,6,Eve Brown,Widgets,25.0,East,Gamma Inc
S0956,2023-08-14,Gadget A,504.0,9,Alice Johnson,Gadgets,56.0,West,Delta Co.
S0957,2023-08-15,Gadget B,684.0,12,Bob Smith,Gadgets,57.0,North,Epsilon Ltd
S0958,2023-08-16,Gadget C,870.0,15,Cathy Lee,Gadgets,58.0,South,Zeta Group
S0959,2023-08-17,Gadget D,1062.0,18,David Kim,Gadgets,59.0,East,Theta Enterprises
S0960,2023-08-18,Widget A,25.0,1,Eve Brown,Widgets,25.0,West,Acme Corp
S0961,2023-08-19,Widget B,104.0,4,Alice Johnson,Widgets,26.0,North,Beta LLC
S0962,2023-08-20,Widget C,189.0,7,Bob Smith,Widgets,27.0,South,Gamma Inc
S0963,2023-08-21,Gadget A,530.0,10,Cathy Lee,Gadgets,53.0,East,Delta Co.
S0964,2023-08-22,Gadget B,702.0,13,David Kim,Gadgets,54.0,West,Epsilon Ltd
S0965,2023-08-23,Gadget C,880.0,16,Eve Brown,Gadgets,55.0,North,Zeta Group
S0966,2023-08-24,Gadget D,1064.0,19,Alice Johnson,Gadgets,56.0,South,Theta Enterprises
S0967,2023-08-25,Widget A,54.0,2,Bob Smith,Widgets,27.0,East,Acme Corp
S0968,2023-08-26,Widget B,140.0,5,Cathy Lee,Widgets,28.0,West,Beta LLC
S0969,2023-08-27,Widget C,232.0,8,David Kim,Widgets,29.0,North,Gamma Inc
S0970,2023-08-28,Gadget A,550.0,11,Eve Brown,Gadgets,50.0,South,Delta Co.
S0971,2023-08-29,Gadget B,714.0,14,Alice Johnson,Gadgets,51.0,East,Epsilon Ltd
S0972,2023-08-30,Gadget C,884.0,17,Bob Smith,Gadgets,52.0,West,Zeta Group
S0973,2023-08-31,Gadget D,1060.0,20,Cathy Lee,Gadgets,53.0,North,Theta Enterprises
S0974,2023-09-01,Widget A,87.0,3,David Kim,Widgets,29.0,South,Acme Corp
S0975,2023-09-02,Widget B,150.0,6,Eve Brown,Widgets,25.0,East,Beta LLC
S0976,2023-09-03,Widget C,234.0,9,Alice Johnson,Widgets,26.0,West,Gamma Inc
S0977,2023-09-04,Gadget A,684.0,12,Bob Smith,Gadgets,57.0,North,Delta Co.
S0978,2023-09-05,Gadget B,870.0,15,Cathy Lee,Gadgets,58.0,South,Epsilon Ltd
S0979,2023-09-06,Gadget C,1062.0,18,David Kim,Gadgets,59.0,East,Zeta Group
S0980,2023-09-07,Gadget D,50.0,1,Eve Brown,Gadgets,50.0,West,Theta Enterprises
S0981,2023-09-08,Widget A,104.0,4,Alice Johnson,Widgets,26.0,North,Acme Corp
S0982,2023-09-09,Widget B,189.0,7,Bob Smith,Widgets,27.0,South,Beta LLC
S0983,2023-09-10,Widget C,280.0,10,Cathy Lee,Widgets,28.0,East,Gamma Inc
S0984,2023-09-11,Gadget A,702.0,13,David Kim,Gadgets,54.0,West,Delta Co.
S0985,2023-09-12,Gadget B,880.0,16,Eve Brown,Gadgets,55.0,North,Epsilon Ltd
S0986,2023-09-13,Gadget C,1064.0,19,Alice Johnson,Gadgets,56.0,South,Zeta Group
S0987,2023-09-14,Gadget D,114.0,2,Bob Smith,Gadgets,57.0,East,Theta Enterprises
S0988,2023-09-15,Widget A,140.0,5,Cathy Lee,Widgets,28.0,West,Acme Corp
S0989,2023-09-16,Widget B,232.0,8,David Kim,Widgets,29.0,North,Beta LLC
S0990,2023-09-17,Widget C,275.0,11,Eve Brown,Widgets,25.0,South,Gamma Inc
S0991,2023-09-18,Gadget A,714.0,14,Alice Johnson,Gadgets,51.0,East,Delta Co.
S0992,2023-09-19,Gadget B,884.0,17,Bob Smith,Gadgets,52.0,West,Epsilon Ltd
S0993,2023-09-20,Gadget C,1060.0,20,Cathy Lee,Gadgets,53.0,North,Zeta Group
S0994,2023-09-21,Gadget D,162.0,3,David Kim,Gadgets,54.0,South,Theta Enterprises
S0995,2023-09-22,Widget A,150.0,6,Eve Brown,Widgets,25.0,East,Acme Corp
S0996,2023-09-23,Widget B,234.0,9,Alice Johnson,Widgets,26.0,West,Beta LLC
S0997,2023-09-24,Widget C,324.0,12,Bob Smith,Widgets,27.0,North,Gamma Inc
S0998,2023-09-25,Gadget A,870.0,15,Cathy Lee,Gadgets,58.0,South,Delta Co.
S0999,2023-09-26,Gadget B,1062.0,18,David Kim,Gadgets,59.0,East,Epsilon Ltd
S1000,2023-09-27,Gadget C,50.0,1,Eve Brown,Gadgets,50.0,West,Zeta Group
